OriginalName,DatabaseName,Participant,SessionID,Timestamp,VideoTime,Value
Kqbm2YkMP0Q,0B32702C-02FD-CD1F-0003-F0F76F5B1581-1,64537568-A2D2-A06D-D77B-406447F883C9,68B04DF6-B6C2-6F9C-CF35-3B16FE70C98E,1599299793221,0,0
Kqbm2YkMP0Q,0B32702C-02FD-CD1F-0003-F0F76F5B1581-1,C4731719-5D70-7ECE-3805-EA61A3952D4F,8184BDE9-44B8-49FF-E0DF-B21AFFDD7CA7,1599299818085,0,0
Kqbm2YkMP0Q,0B32702C-02FD-CD1F-0003-F0F76F5B1581-1,955C1EAE-3708-1ECF-88F3-22D086B41D86,FFF9F8D1-635C-AF34-67E2-EB3E2DCE6481,1599295854768,0,0
Kqbm2YkMP0Q,0B32702C-02FD-CD1F-0003-F0F76F5B1581-1,955C1EAE-3708-1ECF-88F3-22D086B41D86,FFF9F8D1-635C-AF34-67E2-EB3E2DCE6481,1599295864454,3500,4
Kqbm2YkMP0Q,0B32702C-02FD-CD1F-0003-F0F76F5B1581-1,64537568-A2D2-A06D-D77B-406447F883C9,68B04DF6-B6C2-6F9C-CF35-3B16FE70C98E,1599299836880,30666,13
Kqbm2YkMP0Q,0B32702C-02FD-CD1F-0003-F0F76F5B1581-1,955C1EAE-3708-1ECF-88F3-22D086B41D86,FFF9F8D1-635C-AF34-67E2-EB3E2DCE6481,1599295865470,4516,8
Kqbm2YkMP0Q,0B32702C-02FD-CD1F-0003-F0F76F5B1581-1,64537568-A2D2-A06D-D77B-406447F883C9,68B04DF6-B6C2-6F9C-CF35-3B16FE70C98E,1599299838385,32171,21
Kqbm2YkMP0Q,0B32702C-02FD-CD1F-0003-F0F76F5B1581-1,64537568-A2D2-A06D-D77B-406447F883C9,68B04DF6-B6C2-6F9C-CF35-3B16FE70C98E,1599299841111,34896,27
Kqbm2YkMP0Q,0B32702C-02FD-CD1F-0003-F0F76F5B1581-1,64537568-A2D2-A06D-D77B-406447F883C9,68B04DF6-B6C2-6F9C-CF35-3B16FE70C98E,1599299844449,38234,34
Kqbm2YkMP0Q,0B32702C-02FD-CD1F-0003-F0F76F5B1581-1,C4731719-5D70-7ECE-3805-EA61A3952D4F,8184BDE9-44B8-49FF-E0DF-B21AFFDD7CA7,1599299846715,28425,5
Kqbm2YkMP0Q,0B32702C-02FD-CD1F-0003-F0F76F5B1581-1,C4731719-5D70-7ECE-3805-EA61A3952D4F,8184BDE9-44B8-49FF-E0DF-B21AFFDD7CA7,1599299847714,29426,14
Kqbm2YkMP0Q,0B32702C-02FD-CD1F-0003-F0F76F5B1581-1,C4731719-5D70-7ECE-3805-EA61A3952D4F,8184BDE9-44B8-49FF-E0DF-B21AFFDD7CA7,1599299848730,30439,21
Kqbm2YkMP0Q,0B32702C-02FD-CD1F-0003-F0F76F5B1581-1,955C1EAE-3708-1ECF-88F3-22D086B41D86,FFF9F8D1-635C-AF34-67E2-EB3E2DCE6481,1599295877908,16954,1
Kqbm2YkMP0Q,0B32702C-02FD-CD1F-0003-F0F76F5B1581-1,C4731719-5D70-7ECE-3805-EA61A3952D4F,8184BDE9-44B8-49FF-E0DF-B21AFFDD7CA7,1599299850847,32559,13
Kqbm2YkMP0Q,0B32702C-02FD-CD1F-0003-F0F76F5B1581-1,3C592B01-AF31-7A5A-70F6-2D9CE4083034,2C9EEDD1-8BF8-4A79-5212-E31A3845623D,1599299852039,0,0
Kqbm2YkMP0Q,0B32702C-02FD-CD1F-0003-F0F76F5B1581-1,C4731719-5D70-7ECE-3805-EA61A3952D4F,8184BDE9-44B8-49FF-E0DF-B21AFFDD7CA7,1599299853080,34791,8
Kqbm2YkMP0Q,0B32702C-02FD-CD1F-0003-F0F76F5B1581-1,C4731719-5D70-7ECE-3805-EA61A3952D4F,8184BDE9-44B8-49FF-E0DF-B21AFFDD7CA7,1599299854080,35792,-2
Kqbm2YkMP0Q,0B32702C-02FD-CD1F-0003-F0F76F5B1581-1,C4731719-5D70-7ECE-3805-EA61A3952D4F,8184BDE9-44B8-49FF-E0DF-B21AFFDD7CA7,1599299856096,37804,13
Kqbm2YkMP0Q,0B32702C-02FD-CD1F-0003-F0F76F5B1581-1,64537568-A2D2-A06D-D77B-406447F883C9,68B04DF6-B6C2-6F9C-CF35-3B16FE70C98E,1599299856966,50750,43
Kqbm2YkMP0Q,0B32702C-02FD-CD1F-0003-F0F76F5B1581-1,C4731719-5D70-7ECE-3805-EA61A3952D4F,8184BDE9-44B8-49FF-E0DF-B21AFFDD7CA7,1599299857980,39692,9
Kqbm2YkMP0Q,0B32702C-02FD-CD1F-0003-F0F76F5B1581-1,10F806DE-9947-C5D2-57B0-3BE4B8315345,210F8677-DC13-B591-3396-7889DA0DB583,1599299858191,0,0
Kqbm2YkMP0Q,0B32702C-02FD-CD1F-0003-F0F76F5B1581-1,C4731719-5D70-7ECE-3805-EA61A3952D4F,8184BDE9-44B8-49FF-E0DF-B21AFFDD7CA7,1599299858997,40709,3
Kqbm2YkMP0Q,0B32702C-02FD-CD1F-0003-F0F76F5B1581-1,C4731719-5D70-7ECE-3805-EA61A3952D4F,8184BDE9-44B8-49FF-E0DF-B21AFFDD7CA7,1599299860013,41724,-1
Kqbm2YkMP0Q,0B32702C-02FD-CD1F-0003-F0F76F5B1581-1,955C1EAE-3708-1ECF-88F3-22D086B41D86,FFF9F8D1-635C-AF34-67E2-EB3E2DCE6481,1599295888577,27623,35
Kqbm2YkMP0Q,0B32702C-02FD-CD1F-0003-F0F76F5B1581-1,C4731719-5D70-7ECE-3805-EA61A3952D4F,8184BDE9-44B8-49FF-E0DF-B21AFFDD7CA7,1599299866713,48425,3
Kqbm2YkMP0Q,0B32702C-02FD-CD1F-0003-F0F76F5B1581-1,C4731719-5D70-7ECE-3805-EA61A3952D4F,8184BDE9-44B8-49FF-E0DF-B21AFFDD7CA7,1599299867730,49442,12
Kqbm2YkMP0Q,0B32702C-02FD-CD1F-0003-F0F76F5B1581-1,955C1EAE-3708-1ECF-88F3-22D086B41D86,FFF9F8D1-635C-AF34-67E2-EB3E2DCE6481,1599295898680,37726,26
Kqbm2YkMP0Q,0B32702C-02FD-CD1F-0003-F0F76F5B1581-1,955C1EAE-3708-1ECF-88F3-22D086B41D86,FFF9F8D1-635C-AF34-67E2-EB3E2DCE6481,1599295899682,38728,19
Kqbm2YkMP0Q,0B32702C-02FD-CD1F-0003-F0F76F5B1581-1,C4731719-5D70-7ECE-3805-EA61A3952D4F,8184BDE9-44B8-49FF-E0DF-B21AFFDD7CA7,1599299871780,53492,17
Kqbm2YkMP0Q,0B32702C-02FD-CD1F-0003-F0F76F5B1581-1,955C1EAE-3708-1ECF-88F3-22D086B41D86,FFF9F8D1-635C-AF34-67E2-EB3E2DCE6481,1599295900698,39744,12
Kqbm2YkMP0Q,0B32702C-02FD-CD1F-0003-F0F76F5B1581-1,C4731719-5D70-7ECE-3805-EA61A3952D4F,8184BDE9-44B8-49FF-E0DF-B21AFFDD7CA7,1599299872797,54509,23
Kqbm2YkMP0Q,0B32702C-02FD-CD1F-0003-F0F76F5B1581-1,C4731719-5D70-7ECE-3805-EA61A3952D4F,8184BDE9-44B8-49FF-E0DF-B21AFFDD7CA7,1599299873814,55525,31
Kqbm2YkMP0Q,0B32702C-02FD-CD1F-0003-F0F76F5B1581-1,C4731719-5D70-7ECE-3805-EA61A3952D4F,8184BDE9-44B8-49FF-E0DF-B21AFFDD7CA7,1599299874847,56559,37
Kqbm2YkMP0Q,0B32702C-02FD-CD1F-0003-F0F76F5B1581-1,C4731719-5D70-7ECE-3805-EA61A3952D4F,8184BDE9-44B8-49FF-E0DF-B21AFFDD7CA7,1599299876280,57992,35
Kqbm2YkMP0Q,0B32702C-02FD-CD1F-0003-F0F76F5B1581-1,C4731719-5D70-7ECE-3805-EA61A3952D4F,8184BDE9-44B8-49FF-E0DF-B21AFFDD7CA7,1599299877329,59041,28
Kqbm2YkMP0Q,0B32702C-02FD-CD1F-0003-F0F76F5B1581-1,C4731719-5D70-7ECE-3805-EA61A3952D4F,8184BDE9-44B8-49FF-E0DF-B21AFFDD7CA7,1599299878330,60042,10
Kqbm2YkMP0Q,0B32702C-02FD-CD1F-0003-F0F76F5B1581-1,C4731719-5D70-7ECE-3805-EA61A3952D4F,8184BDE9-44B8-49FF-E0DF-B21AFFDD7CA7,1599299879346,61058,6
Kqbm2YkMP0Q,0B32702C-02FD-CD1F-0003-F0F76F5B1581-1,3C592B01-AF31-7A5A-70F6-2D9CE4083034,2C9EEDD1-8BF8-4A79-5212-E31A3845623D,1599299879966,27231,2
Kqbm2YkMP0Q,0B32702C-02FD-CD1F-0003-F0F76F5B1581-1,C4731719-5D70-7ECE-3805-EA61A3952D4F,8184BDE9-44B8-49FF-E0DF-B21AFFDD7CA7,1599299880347,62059,11
Kqbm2YkMP0Q,0B32702C-02FD-CD1F-0003-F0F76F5B1581-1,955C1EAE-3708-1ECF-88F3-22D086B41D86,FFF9F8D1-635C-AF34-67E2-EB3E2DCE6481,1599295909385,48431,22
Kqbm2YkMP0Q,0B32702C-02FD-CD1F-0003-F0F76F5B1581-1,C4731719-5D70-7ECE-3805-EA61A3952D4F,8184BDE9-44B8-49FF-E0DF-B21AFFDD7CA7,1599299881363,63075,15
Kqbm2YkMP0Q,0B32702C-02FD-CD1F-0003-F0F76F5B1581-1,3C592B01-AF31-7A5A-70F6-2D9CE4083034,2C9EEDD1-8BF8-4A79-5212-E31A3845623D,1599299882133,29397,-7
Kqbm2YkMP0Q,0B32702C-02FD-CD1F-0003-F0F76F5B1581-1,955C1EAE-3708-1ECF-88F3-22D086B41D86,FFF9F8D1-635C-AF34-67E2-EB3E2DCE6481,1599295910736,49782,31
Kqbm2YkMP0Q,0B32702C-02FD-CD1F-0003-F0F76F5B1581-1,3C592B01-AF31-7A5A-70F6-2D9CE4083034,2C9EEDD1-8BF8-4A79-5212-E31A3845623D,1599299883565,30830,-14
Kqbm2YkMP0Q,0B32702C-02FD-CD1F-0003-F0F76F5B1581-1,C4731719-5D70-7ECE-3805-EA61A3952D4F,8184BDE9-44B8-49FF-E0DF-B21AFFDD7CA7,1599299884497,66209,12
Kqbm2YkMP0Q,0B32702C-02FD-CD1F-0003-F0F76F5B1581-1,C4731719-5D70-7ECE-3805-EA61A3952D4F,8184BDE9-44B8-49FF-E0DF-B21AFFDD7CA7,1599299885513,67225,-4
Kqbm2YkMP0Q,0B32702C-02FD-CD1F-0003-F0F76F5B1581-1,3C592B01-AF31-7A5A-70F6-2D9CE4083034,2C9EEDD1-8BF8-4A79-5212-E31A3845623D,1599299885899,33164,-19
Kqbm2YkMP0Q,0B32702C-02FD-CD1F-0003-F0F76F5B1581-1,10F806DE-9947-C5D2-57B0-3BE4B8315345,210F8677-DC13-B591-3396-7889DA0DB583,1599299886971,27889,-8
Kqbm2YkMP0Q,0B32702C-02FD-CD1F-0003-F0F76F5B1581-1,10F806DE-9947-C5D2-57B0-3BE4B8315345,210F8677-DC13-B591-3396-7889DA0DB583,1599299888003,28921,-19
Kqbm2YkMP0Q,0B32702C-02FD-CD1F-0003-F0F76F5B1581-1,64537568-A2D2-A06D-D77B-406447F883C9,68B04DF6-B6C2-6F9C-CF35-3B16FE70C98E,1599299888219,80846,36
Kqbm2YkMP0Q,0B32702C-02FD-CD1F-0003-F0F76F5B1581-1,C4731719-5D70-7ECE-3805-EA61A3952D4F,8184BDE9-44B8-49FF-E0DF-B21AFFDD7CA7,1599299888563,70275,-8
Kqbm2YkMP0Q,0B32702C-02FD-CD1F-0003-F0F76F5B1581-1,64537568-A2D2-A06D-D77B-406447F883C9,68B04DF6-B6C2-6F9C-CF35-3B16FE70C98E,1599299889238,81864,50
Kqbm2YkMP0Q,0B32702C-02FD-CD1F-0003-F0F76F5B1581-1,C4731719-5D70-7ECE-3805-EA61A3952D4F,8184BDE9-44B8-49FF-E0DF-B21AFFDD7CA7,1599299890029,71741,-13
Kqbm2YkMP0Q,0B32702C-02FD-CD1F-0003-F0F76F5B1581-1,3C592B01-AF31-7A5A-70F6-2D9CE4083034,2C9EEDD1-8BF8-4A79-5212-E31A3845623D,1599299889966,37232,-12
Kqbm2YkMP0Q,0B32702C-02FD-CD1F-0003-F0F76F5B1581-1,64537568-A2D2-A06D-D77B-406447F883C9,68B04DF6-B6C2-6F9C-CF35-3B16FE70C98E,1599299890240,82866,67
Kqbm2YkMP0Q,0B32702C-02FD-CD1F-0003-F0F76F5B1581-1,3C592B01-AF31-7A5A-70F6-2D9CE4083034,2C9EEDD1-8BF8-4A79-5212-E31A3845623D,1599299890997,38262,-6
Kqbm2YkMP0Q,0B32702C-02FD-CD1F-0003-F0F76F5B1581-1,C4731719-5D70-7ECE-3805-EA61A3952D4F,8184BDE9-44B8-49FF-E0DF-B21AFFDD7CA7,1599299891046,72756,-16
Kqbm2YkMP0Q,0B32702C-02FD-CD1F-0003-F0F76F5B1581-1,C4731719-5D70-7ECE-3805-EA61A3952D4F,8184BDE9-44B8-49FF-E0DF-B21AFFDD7CA7,1599299892747,74460,-20
Kqbm2YkMP0Q,0B32702C-02FD-CD1F-0003-F0F76F5B1581-1,C4731719-5D70-7ECE-3805-EA61A3952D4F,8184BDE9-44B8-49FF-E0DF-B21AFFDD7CA7,1599299893763,75475,-15
Kqbm2YkMP0Q,0B32702C-02FD-CD1F-0003-F0F76F5B1581-1,C4731719-5D70-7ECE-3805-EA61A3952D4F,8184BDE9-44B8-49FF-E0DF-B21AFFDD7CA7,1599299895745,77457,-21
Kqbm2YkMP0Q,0B32702C-02FD-CD1F-0003-F0F76F5B1581-1,10F806DE-9947-C5D2-57B0-3BE4B8315345,210F8677-DC13-B591-3396-7889DA0DB583,1599299896304,37226,-22
Kqbm2YkMP0Q,0B32702C-02FD-CD1F-0003-F0F76F5B1581-1,3C592B01-AF31-7A5A-70F6-2D9CE4083034,2C9EEDD1-8BF8-4A79-5212-E31A3845623D,1599299900965,48231,3
Kqbm2YkMP0Q,0B32702C-02FD-CD1F-0003-F0F76F5B1581-1,C4731719-5D70-7ECE-3805-EA61A3952D4F,8184BDE9-44B8-49FF-E0DF-B21AFFDD7CA7,1599299901180,82893,-25
Kqbm2YkMP0Q,0B32702C-02FD-CD1F-0003-F0F76F5B1581-1,3C592B01-AF31-7A5A-70F6-2D9CE4083034,2C9EEDD1-8BF8-4A79-5212-E31A3845623D,1599299902000,49264,8
Kqbm2YkMP0Q,0B32702C-02FD-CD1F-0003-F0F76F5B1581-1,C4731719-5D70-7ECE-3805-EA61A3952D4F,8184BDE9-44B8-49FF-E0DF-B21AFFDD7CA7,1599299902195,83907,-28
Kqbm2YkMP0Q,0B32702C-02FD-CD1F-0003-F0F76F5B1581-1,3C592B01-AF31-7A5A-70F6-2D9CE4083034,2C9EEDD1-8BF8-4A79-5212-E31A3845623D,1599299903030,50296,1
Kqbm2YkMP0Q,0B32702C-02FD-CD1F-0003-F0F76F5B1581-1,C4731719-5D70-7ECE-3805-EA61A3952D4F,8184BDE9-44B8-49FF-E0DF-B21AFFDD7CA7,1599299903196,84908,-35
Kqbm2YkMP0Q,0B32702C-02FD-CD1F-0003-F0F76F5B1581-1,C4731719-5D70-7ECE-3805-EA61A3952D4F,8184BDE9-44B8-49FF-E0DF-B21AFFDD7CA7,1599299904280,85993,-31
Kqbm2YkMP0Q,0B32702C-02FD-CD1F-0003-F0F76F5B1581-1,C4731719-5D70-7ECE-3805-EA61A3952D4F,8184BDE9-44B8-49FF-E0DF-B21AFFDD7CA7,1599299905296,87008,-24
Kqbm2YkMP0Q,0B32702C-02FD-CD1F-0003-F0F76F5B1581-1,3C592B01-AF31-7A5A-70F6-2D9CE4083034,2C9EEDD1-8BF8-4A79-5212-E31A3845623D,1599299905398,52663,-7
Kqbm2YkMP0Q,0B32702C-02FD-CD1F-0003-F0F76F5B1581-1,C4731719-5D70-7ECE-3805-EA61A3952D4F,8184BDE9-44B8-49FF-E0DF-B21AFFDD7CA7,1599299906312,88025,-27
Kqbm2YkMP0Q,0B32702C-02FD-CD1F-0003-F0F76F5B1581-1,90EA810E-BE97-2B23-B16C-111ECBCE338B,526B79DD-B6CC-C14B-4BFE-588CBD974E12,1599299908459,0,0
Kqbm2YkMP0Q,0B32702C-02FD-CD1F-0003-F0F76F5B1581-1,C4731719-5D70-7ECE-3805-EA61A3952D4F,8184BDE9-44B8-49FF-E0DF-B21AFFDD7CA7,1599299907329,89039,-32
Kqbm2YkMP0Q,0B32702C-02FD-CD1F-0003-F0F76F5B1581-1,C4731719-5D70-7ECE-3805-EA61A3952D4F,8184BDE9-44B8-49FF-E0DF-B21AFFDD7CA7,1599299908329,90041,-38
Kqbm2YkMP0Q,0B32702C-02FD-CD1F-0003-F0F76F5B1581-1,3C592B01-AF31-7A5A-70F6-2D9CE4083034,2C9EEDD1-8BF8-4A79-5212-E31A3845623D,1599299909967,57230,1
Kqbm2YkMP0Q,0B32702C-02FD-CD1F-0003-F0F76F5B1581-1,3C592B01-AF31-7A5A-70F6-2D9CE4083034,2C9EEDD1-8BF8-4A79-5212-E31A3845623D,1599299911000,58265,7
Kqbm2YkMP0Q,0B32702C-02FD-CD1F-0003-F0F76F5B1581-1,C4731719-5D70-7ECE-3805-EA61A3952D4F,8184BDE9-44B8-49FF-E0DF-B21AFFDD7CA7,1599299911229,92941,-42
Kqbm2YkMP0Q,0B32702C-02FD-CD1F-0003-F0F76F5B1581-1,C4731719-5D70-7ECE-3805-EA61A3952D4F,8184BDE9-44B8-49FF-E0DF-B21AFFDD7CA7,1599299912229,93942,-51
Kqbm2YkMP0Q,0B32702C-02FD-CD1F-0003-F0F76F5B1581-1,955C1EAE-3708-1ECF-88F3-22D086B41D86,FFF9F8D1-635C-AF34-67E2-EB3E2DCE6481,1599295942796,81842,21
Kqbm2YkMP0Q,0B32702C-02FD-CD1F-0003-F0F76F5B1581-1,3C592B01-AF31-7A5A-70F6-2D9CE4083034,2C9EEDD1-8BF8-4A79-5212-E31A3845623D,1599299915364,62630,-1
Kqbm2YkMP0Q,0B32702C-02FD-CD1F-0003-F0F76F5B1581-1,64537568-A2D2-A06D-D77B-406447F883C9,68B04DF6-B6C2-6F9C-CF35-3B16FE70C98E,1599299916078,108703,77
Kqbm2YkMP0Q,0B32702C-02FD-CD1F-0003-F0F76F5B1581-1,C4731719-5D70-7ECE-3805-EA61A3952D4F,8184BDE9-44B8-49FF-E0DF-B21AFFDD7CA7,1599299919413,101125,-46
Kqbm2YkMP0Q,0B32702C-02FD-CD1F-0003-F0F76F5B1581-1,C4731719-5D70-7ECE-3805-EA61A3952D4F,8184BDE9-44B8-49FF-E0DF-B21AFFDD7CA7,1599299920429,102139,-35
Kqbm2YkMP0Q,0B32702C-02FD-CD1F-0003-F0F76F5B1581-1,10F806DE-9947-C5D2-57B0-3BE4B8315345,A9ADA88B-F129-527E-806B-64E99C58E445,1599299920669,0,0
Kqbm2YkMP0Q,0B32702C-02FD-CD1F-0003-F0F76F5B1581-1,3C592B01-AF31-7A5A-70F6-2D9CE4083034,2C9EEDD1-8BF8-4A79-5212-E31A3845623D,1599299924831,72097,-10
Kqbm2YkMP0Q,0B32702C-02FD-CD1F-0003-F0F76F5B1581-1,C4731719-5D70-7ECE-3805-EA61A3952D4F,8184BDE9-44B8-49FF-E0DF-B21AFFDD7CA7,1599299925878,107591,-29
Kqbm2YkMP0Q,0B32702C-02FD-CD1F-0003-F0F76F5B1581-1,3C592B01-AF31-7A5A-70F6-2D9CE4083034,2C9EEDD1-8BF8-4A79-5212-E31A3845623D,1599299925864,73130,-18
Kqbm2YkMP0Q,0B32702C-02FD-CD1F-0003-F0F76F5B1581-1,3C592B01-AF31-7A5A-70F6-2D9CE4083034,2C9EEDD1-8BF8-4A79-5212-E31A3845623D,1599299927230,74497,-28
Kqbm2YkMP0Q,0B32702C-02FD-CD1F-0003-F0F76F5B1581-1,64537568-A2D2-A06D-D77B-406447F883C9,68B04DF6-B6C2-6F9C-CF35-3B16FE70C98E,1599299929916,119381,69
Kqbm2YkMP0Q,0B32702C-02FD-CD1F-0003-F0F76F5B1581-1,955C1EAE-3708-1ECF-88F3-22D086B41D86,FFF9F8D1-635C-AF34-67E2-EB3E2DCE6481,1599295958766,97812,13
Kqbm2YkMP0Q,0B32702C-02FD-CD1F-0003-F0F76F5B1581-1,3C592B01-AF31-7A5A-70F6-2D9CE4083034,2C9EEDD1-8BF8-4A79-5212-E31A3845623D,1599299931664,78930,-35
Kqbm2YkMP0Q,0B32702C-02FD-CD1F-0003-F0F76F5B1581-1,10F806DE-9947-C5D2-57B0-3BE4B8315345,A9ADA88B-F129-527E-806B-64E99C58E445,1599299931640,10142,5
Kqbm2YkMP0Q,0B32702C-02FD-CD1F-0003-F0F76F5B1581-1,64537568-A2D2-A06D-D77B-406447F883C9,68B04DF6-B6C2-6F9C-CF35-3B16FE70C98E,1599299932170,121631,60
Kqbm2YkMP0Q,0B32702C-02FD-CD1F-0003-F0F76F5B1581-1,955C1EAE-3708-1ECF-88F3-22D086B41D86,FFF9F8D1-635C-AF34-67E2-EB3E2DCE6481,1599295961051,100097,20
Kqbm2YkMP0Q,0B32702C-02FD-CD1F-0003-F0F76F5B1581-1,3C592B01-AF31-7A5A-70F6-2D9CE4083034,2C9EEDD1-8BF8-4A79-5212-E31A3845623D,1599299935664,82930,-43
Kqbm2YkMP0Q,0B32702C-02FD-CD1F-0003-F0F76F5B1581-1,955C1EAE-3708-1ECF-88F3-22D086B41D86,FFF9F8D1-635C-AF34-67E2-EB3E2DCE6481,1599295963935,102981,14
Kqbm2YkMP0Q,0B32702C-02FD-CD1F-0003-F0F76F5B1581-1,3C592B01-AF31-7A5A-70F6-2D9CE4083034,2C9EEDD1-8BF8-4A79-5212-E31A3845623D,1599299936764,84030,-34
Kqbm2YkMP0Q,0B32702C-02FD-CD1F-0003-F0F76F5B1581-1,C4731719-5D70-7ECE-3805-EA61A3952D4F,8184BDE9-44B8-49FF-E0DF-B21AFFDD7CA7,1599299937946,119659,-22
Kqbm2YkMP0Q,0B32702C-02FD-CD1F-0003-F0F76F5B1581-1,64537568-A2D2-A06D-D77B-406447F883C9,68B04DF6-B6C2-6F9C-CF35-3B16FE70C98E,1599299939273,128738,67
Kqbm2YkMP0Q,0B32702C-02FD-CD1F-0003-F0F76F5B1581-1,C4731719-5D70-7ECE-3805-EA61A3952D4F,8184BDE9-44B8-49FF-E0DF-B21AFFDD7CA7,1599299939979,121692,-15
Kqbm2YkMP0Q,0B32702C-02FD-CD1F-0003-F0F76F5B1581-1,C4731719-5D70-7ECE-3805-EA61A3952D4F,8184BDE9-44B8-49FF-E0DF-B21AFFDD7CA7,1599299941095,122808,-2
Kqbm2YkMP0Q,0B32702C-02FD-CD1F-0003-F0F76F5B1581-1,C4731719-5D70-7ECE-3805-EA61A3952D4F,8184BDE9-44B8-49FF-E0DF-B21AFFDD7CA7,1599299942329,124042,5
Kqbm2YkMP0Q,0B32702C-02FD-CD1F-0003-F0F76F5B1581-1,C4731719-5D70-7ECE-3805-EA61A3952D4F,8184BDE9-44B8-49FF-E0DF-B21AFFDD7CA7,1599299943346,125059,13
Kqbm2YkMP0Q,0B32702C-02FD-CD1F-0003-F0F76F5B1581-1,C4731719-5D70-7ECE-3805-EA61A3952D4F,8184BDE9-44B8-49FF-E0DF-B21AFFDD7CA7,1599299944362,126075,8
Kqbm2YkMP0Q,0B32702C-02FD-CD1F-0003-F0F76F5B1581-1,3C592B01-AF31-7A5A-70F6-2D9CE4083034,2C9EEDD1-8BF8-4A79-5212-E31A3845623D,1599299945731,92998,-42
Kqbm2YkMP0Q,0B32702C-02FD-CD1F-0003-F0F76F5B1581-1,10F806DE-9947-C5D2-57B0-3BE4B8315345,A9ADA88B-F129-527E-806B-64E99C58E445,1599299949675,28178,14
Kqbm2YkMP0Q,0B32702C-02FD-CD1F-0003-F0F76F5B1581-1,10F806DE-9947-C5D2-57B0-3BE4B8315345,A9ADA88B-F129-527E-806B-64E99C58E445,1599299950706,29210,23
Kqbm2YkMP0Q,0B32702C-02FD-CD1F-0003-F0F76F5B1581-1,10F806DE-9947-C5D2-57B0-3BE4B8315345,A9ADA88B-F129-527E-806B-64E99C58E445,1599299951707,30211,32
Kqbm2YkMP0Q,0B32702C-02FD-CD1F-0003-F0F76F5B1581-1,3C592B01-AF31-7A5A-70F6-2D9CE4083034,2C9EEDD1-8BF8-4A79-5212-E31A3845623D,1599299955867,103130,-34
Kqbm2YkMP0Q,0B32702C-02FD-CD1F-0003-F0F76F5B1581-1,90EA810E-BE97-2B23-B16C-111ECBCE338B,526B79DD-B6CC-C14B-4BFE-588CBD974E12,1599299957772,48365,8
Kqbm2YkMP0Q,0B32702C-02FD-CD1F-0003-F0F76F5B1581-1,10F806DE-9947-C5D2-57B0-3BE4B8315345,A9ADA88B-F129-527E-806B-64E99C58E445,1599299957375,35878,26
Kqbm2YkMP0Q,0B32702C-02FD-CD1F-0003-F0F76F5B1581-1,10F806DE-9947-C5D2-57B0-3BE4B8315345,A9ADA88B-F129-527E-806B-64E99C58E445,1599299958407,36910,11
Kqbm2YkMP0Q,0B32702C-02FD-CD1F-0003-F0F76F5B1581-1,3C592B01-AF31-7A5A-70F6-2D9CE4083034,2C9EEDD1-8BF8-4A79-5212-E31A3845623D,1599299958600,105864,-24
Kqbm2YkMP0Q,0B32702C-02FD-CD1F-0003-F0F76F5B1581-1,10F806DE-9947-C5D2-57B0-3BE4B8315345,A9ADA88B-F129-527E-806B-64E99C58E445,1599299959440,37941,19
Kqbm2YkMP0Q,0B32702C-02FD-CD1F-0003-F0F76F5B1581-1,3C592B01-AF31-7A5A-70F6-2D9CE4083034,2C9EEDD1-8BF8-4A79-5212-E31A3845623D,1599299959632,106895,-16
Kqbm2YkMP0Q,0B32702C-02FD-CD1F-0003-F0F76F5B1581-1,64537568-A2D2-A06D-D77B-406447F883C9,68B04DF6-B6C2-6F9C-CF35-3B16FE70C98E,1599299962488,138344,59
Kqbm2YkMP0Q,0B32702C-02FD-CD1F-0003-F0F76F5B1581-1,10F806DE-9947-C5D2-57B0-3BE4B8315345,A9ADA88B-F129-527E-806B-64E99C58E445,1599299965341,43844,12
Kqbm2YkMP0Q,0B32702C-02FD-CD1F-0003-F0F76F5B1581-1,64537568-A2D2-A06D-D77B-406447F883C9,68B04DF6-B6C2-6F9C-CF35-3B16FE70C98E,1599299965945,141802,44
Kqbm2YkMP0Q,0B32702C-02FD-CD1F-0003-F0F76F5B1581-1,10F806DE-9947-C5D2-57B0-3BE4B8315345,A9ADA88B-F129-527E-806B-64E99C58E445,1599299966372,44875,0
Kqbm2YkMP0Q,0B32702C-02FD-CD1F-0003-F0F76F5B1581-1,64537568-A2D2-A06D-D77B-406447F883C9,68B04DF6-B6C2-6F9C-CF35-3B16FE70C98E,1599299966947,142805,23
Kqbm2YkMP0Q,0B32702C-02FD-CD1F-0003-F0F76F5B1581-1,64537568-A2D2-A06D-D77B-406447F883C9,68B04DF6-B6C2-6F9C-CF35-3B16FE70C98E,1599299967949,143806,4
Kqbm2YkMP0Q,0B32702C-02FD-CD1F-0003-F0F76F5B1581-1,64537568-A2D2-A06D-D77B-406447F883C9,68B04DF6-B6C2-6F9C-CF35-3B16FE70C98E,1599299968952,144809,-2
Kqbm2YkMP0Q,0B32702C-02FD-CD1F-0003-F0F76F5B1581-1,10F806DE-9947-C5D2-57B0-3BE4B8315345,A9ADA88B-F129-527E-806B-64E99C58E445,1599299969308,47806,4
Kqbm2YkMP0Q,0B32702C-02FD-CD1F-0003-F0F76F5B1581-1,10F806DE-9947-C5D2-57B0-3BE4B8315345,A9ADA88B-F129-527E-806B-64E99C58E445,1599299970308,48811,24
Kqbm2YkMP0Q,0B32702C-02FD-CD1F-0003-F0F76F5B1581-1,3C592B01-AF31-7A5A-70F6-2D9CE4083034,2C9EEDD1-8BF8-4A79-5212-E31A3845623D,1599299970600,117859,-6
Kqbm2YkMP0Q,0B32702C-02FD-CD1F-0003-F0F76F5B1581-1,10F806DE-9947-C5D2-57B0-3BE4B8315345,A9ADA88B-F129-527E-806B-64E99C58E445,1599299971341,49843,39
Kqbm2YkMP0Q,0B32702C-02FD-CD1F-0003-F0F76F5B1581-1,3C592B01-AF31-7A5A-70F6-2D9CE4083034,2C9EEDD1-8BF8-4A79-5212-E31A3845623D,1599299971732,118995,2
Kqbm2YkMP0Q,0B32702C-02FD-CD1F-0003-F0F76F5B1581-1,3C592B01-AF31-7A5A-70F6-2D9CE4083034,2C9EEDD1-8BF8-4A79-5212-E31A3845623D,1599299974799,122061,13
Kqbm2YkMP0Q,0B32702C-02FD-CD1F-0003-F0F76F5B1581-1,3C592B01-AF31-7A5A-70F6-2D9CE4083034,2C9EEDD1-8BF8-4A79-5212-E31A3845623D,1599299977099,124363,6
Kqbm2YkMP0Q,0B32702C-02FD-CD1F-0003-F0F76F5B1581-1,3C592B01-AF31-7A5A-70F6-2D9CE4083034,2C9EEDD1-8BF8-4A79-5212-E31A3845623D,1599299978133,125394,-10
Kqbm2YkMP0Q,0B32702C-02FD-CD1F-0003-F0F76F5B1581-1,3C592B01-AF31-7A5A-70F6-2D9CE4083034,2C9EEDD1-8BF8-4A79-5212-E31A3845623D,1599299982566,129829,-19
Kqbm2YkMP0Q,0B32702C-02FD-CD1F-0003-F0F76F5B1581-1,3C592B01-AF31-7A5A-70F6-2D9CE4083034,2C9EEDD1-8BF8-4A79-5212-E31A3845623D,1599299983599,130863,-28
Kqbm2YkMP0Q,0B32702C-02FD-CD1F-0003-F0F76F5B1581-1,3C592B01-AF31-7A5A-70F6-2D9CE4083034,2C9EEDD1-8BF8-4A79-5212-E31A3845623D,1599299985032,132295,-36
Kqbm2YkMP0Q,0B32702C-02FD-CD1F-0003-F0F76F5B1581-1,3C592B01-AF31-7A5A-70F6-2D9CE4083034,2C9EEDD1-8BF8-4A79-5212-E31A3845623D,1599299986666,133930,-28
Kqbm2YkMP0Q,0B32702C-02FD-CD1F-0003-F0F76F5B1581-1,10F806DE-9947-C5D2-57B0-3BE4B8315345,A9ADA88B-F129-527E-806B-64E99C58E445,1599299987942,66443,34
Kqbm2YkMP0Q,0B32702C-02FD-CD1F-0003-F0F76F5B1581-1,C4731719-5D70-7ECE-3805-EA61A3952D4F,8184BDE9-44B8-49FF-E0DF-B21AFFDD7CA7,1599299989028,170738,12
Kqbm2YkMP0Q,0B32702C-02FD-CD1F-0003-F0F76F5B1581-1,10F806DE-9947-C5D2-57B0-3BE4B8315345,A9ADA88B-F129-527E-806B-64E99C58E445,1599299989076,67578,1
Kqbm2YkMP0Q,0B32702C-02FD-CD1F-0003-F0F76F5B1581-1,C4731719-5D70-7ECE-3805-EA61A3952D4F,8184BDE9-44B8-49FF-E0DF-B21AFFDD7CA7,1599299990027,171741,15
Kqbm2YkMP0Q,0B32702C-02FD-CD1F-0003-F0F76F5B1581-1,10F806DE-9947-C5D2-57B0-3BE4B8315345,A9ADA88B-F129-527E-806B-64E99C58E445,1599299990109,68611,0
Kqbm2YkMP0Q,0B32702C-02FD-CD1F-0003-F0F76F5B1581-1,3C592B01-AF31-7A5A-70F6-2D9CE4083034,2C9EEDD1-8BF8-4A79-5212-E31A3845623D,1599299990765,138028,-35
Kqbm2YkMP0Q,0B32702C-02FD-CD1F-0003-F0F76F5B1581-1,64537568-A2D2-A06D-D77B-406447F883C9,68B04DF6-B6C2-6F9C-CF35-3B16FE70C98E,1599299994489,170346,31
Kqbm2YkMP0Q,0B32702C-02FD-CD1F-0003-F0F76F5B1581-1,10F806DE-9947-C5D2-57B0-3BE4B8315345,A9ADA88B-F129-527E-806B-64E99C58E445,1599299994777,73279,10
Kqbm2YkMP0Q,0B32702C-02FD-CD1F-0003-F0F76F5B1581-1,10F806DE-9947-C5D2-57B0-3BE4B8315345,A9ADA88B-F129-527E-806B-64E99C58E445,1599299995809,74311,18
Kqbm2YkMP0Q,0B32702C-02FD-CD1F-0003-F0F76F5B1581-1,10F806DE-9947-C5D2-57B0-3BE4B8315345,A9ADA88B-F129-527E-806B-64E99C58E445,1599299996809,75312,27
Kqbm2YkMP0Q,0B32702C-02FD-CD1F-0003-F0F76F5B1581-1,10F806DE-9947-C5D2-57B0-3BE4B8315345,A9ADA88B-F129-527E-806B-64E99C58E445,1599299997843,76345,34
Kqbm2YkMP0Q,0B32702C-02FD-CD1F-0003-F0F76F5B1581-1,10F806DE-9947-C5D2-57B0-3BE4B8315345,A9ADA88B-F129-527E-806B-64E99C58E445,1599299998875,77378,40
Kqbm2YkMP0Q,0B32702C-02FD-CD1F-0003-F0F76F5B1581-1,955C1EAE-3708-1ECF-88F3-22D086B41D86,FFF9F8D1-635C-AF34-67E2-EB3E2DCE6481,1599296031806,170851,9
Kqbm2YkMP0Q,0B32702C-02FD-CD1F-0003-F0F76F5B1581-1,10F806DE-9947-C5D2-57B0-3BE4B8315345,A9ADA88B-F129-527E-806B-64E99C58E445,1599300004610,83112,33
Kqbm2YkMP0Q,0B32702C-02FD-CD1F-0003-F0F76F5B1581-1,955C1EAE-3708-1ECF-88F3-22D086B41D86,FFF9F8D1-635C-AF34-67E2-EB3E2DCE6481,1599296032806,171852,-1
Kqbm2YkMP0Q,0B32702C-02FD-CD1F-0003-F0F76F5B1581-1,C4731719-5D70-7ECE-3805-EA61A3952D4F,8184BDE9-44B8-49FF-E0DF-B21AFFDD7CA7,1599300008927,190641,16
Kqbm2YkMP0Q,0B32702C-02FD-CD1F-0003-F0F76F5B1581-1,C4731719-5D70-7ECE-3805-EA61A3952D4F,8184BDE9-44B8-49FF-E0DF-B21AFFDD7CA7,1599300009928,191643,21
Kqbm2YkMP0Q,0B32702C-02FD-CD1F-0003-F0F76F5B1581-1,10F806DE-9947-C5D2-57B0-3BE4B8315345,A9ADA88B-F129-527E-806B-64E99C58E445,1599300011244,89746,27
Kqbm2YkMP0Q,0B32702C-02FD-CD1F-0003-F0F76F5B1581-1,3C592B01-AF31-7A5A-70F6-2D9CE4083034,2C9EEDD1-8BF8-4A79-5212-E31A3845623D,1599300011866,159129,-24
Kqbm2YkMP0Q,0B32702C-02FD-CD1F-0003-F0F76F5B1581-1,955C1EAE-3708-1ECF-88F3-22D086B41D86,FFF9F8D1-635C-AF34-67E2-EB3E2DCE6481,1599296040809,179855,8
Kqbm2YkMP0Q,0B32702C-02FD-CD1F-0003-F0F76F5B1581-1,3C592B01-AF31-7A5A-70F6-2D9CE4083034,2C9EEDD1-8BF8-4A79-5212-E31A3845623D,1599300012900,160164,-2
Kqbm2YkMP0Q,0B32702C-02FD-CD1F-0003-F0F76F5B1581-1,64537568-A2D2-A06D-D77B-406447F883C9,68B04DF6-B6C2-6F9C-CF35-3B16FE70C98E,1599300013339,189193,40
Kqbm2YkMP0Q,0B32702C-02FD-CD1F-0003-F0F76F5B1581-1,3C592B01-AF31-7A5A-70F6-2D9CE4083034,2C9EEDD1-8BF8-4A79-5212-E31A3845623D,1599300013931,161197,-2
Kqbm2YkMP0Q,0B32702C-02FD-CD1F-0003-F0F76F5B1581-1,955C1EAE-3708-1ECF-88F3-22D086B41D86,FFF9F8D1-635C-AF34-67E2-EB3E2DCE6481,1599296043194,182240,11
Kqbm2YkMP0Q,0B32702C-02FD-CD1F-0003-F0F76F5B1581-1,C4731719-5D70-7ECE-3805-EA61A3952D4F,8184BDE9-44B8-49FF-E0DF-B21AFFDD7CA7,1599300017711,199425,16
Kqbm2YkMP0Q,0B32702C-02FD-CD1F-0003-F0F76F5B1581-1,C4731719-5D70-7ECE-3805-EA61A3952D4F,8184BDE9-44B8-49FF-E0DF-B21AFFDD7CA7,1599300018711,200426,11
Kqbm2YkMP0Q,0B32702C-02FD-CD1F-0003-F0F76F5B1581-1,64537568-A2D2-A06D-D77B-406447F883C9,68B04DF6-B6C2-6F9C-CF35-3B16FE70C98E,1599300020560,196416,47
Kqbm2YkMP0Q,0B32702C-02FD-CD1F-0003-F0F76F5B1581-1,10F806DE-9947-C5D2-57B0-3BE4B8315345,A9ADA88B-F129-527E-806B-64E99C58E445,1599300022043,100544,31
Kqbm2YkMP0Q,0B32702C-02FD-CD1F-0003-F0F76F5B1581-1,3C592B01-AF31-7A5A-70F6-2D9CE4083034,2C9EEDD1-8BF8-4A79-5212-E31A3845623D,1599300021899,169163,-11
Kqbm2YkMP0Q,0B32702C-02FD-CD1F-0003-F0F76F5B1581-1,3C592B01-AF31-7A5A-70F6-2D9CE4083034,2C9EEDD1-8BF8-4A79-5212-E31A3845623D,1599300022932,170196,4
Kqbm2YkMP0Q,0B32702C-02FD-CD1F-0003-F0F76F5B1581-1,10F806DE-9947-C5D2-57B0-3BE4B8315345,A9ADA88B-F129-527E-806B-64E99C58E445,1599300023077,101577,38
Kqbm2YkMP0Q,0B32702C-02FD-CD1F-0003-F0F76F5B1581-1,3C592B01-AF31-7A5A-70F6-2D9CE4083034,2C9EEDD1-8BF8-4A79-5212-E31A3845623D,1599300025665,172929,-5
Kqbm2YkMP0Q,0B32702C-02FD-CD1F-0003-F0F76F5B1581-1,C4731719-5D70-7ECE-3805-EA61A3952D4F,8184BDE9-44B8-49FF-E0DF-B21AFFDD7CA7,1599300025711,207425,7
Kqbm2YkMP0Q,0B32702C-02FD-CD1F-0003-F0F76F5B1581-1,3C592B01-AF31-7A5A-70F6-2D9CE4083034,2C9EEDD1-8BF8-4A79-5212-E31A3845623D,1599300028032,175296,-14
Kqbm2YkMP0Q,0B32702C-02FD-CD1F-0003-F0F76F5B1581-1,3C592B01-AF31-7A5A-70F6-2D9CE4083034,2C9EEDD1-8BF8-4A79-5212-E31A3845623D,1599300029832,177096,-5
Kqbm2YkMP0Q,0B32702C-02FD-CD1F-0003-F0F76F5B1581-1,3C592B01-AF31-7A5A-70F6-2D9CE4083034,2C9EEDD1-8BF8-4A79-5212-E31A3845623D,1599300030864,178128,-11
Kqbm2YkMP0Q,0B32702C-02FD-CD1F-0003-F0F76F5B1581-1,10F806DE-9947-C5D2-57B0-3BE4B8315345,A9ADA88B-F129-527E-806B-64E99C58E445,1599300033310,111811,32
Kqbm2YkMP0Q,0B32702C-02FD-CD1F-0003-F0F76F5B1581-1,10F806DE-9947-C5D2-57B0-3BE4B8315345,A9ADA88B-F129-527E-806B-64E99C58E445,1599300034345,112846,26
Kqbm2YkMP0Q,0B32702C-02FD-CD1F-0003-F0F76F5B1581-1,3C592B01-AF31-7A5A-70F6-2D9CE4083034,2C9EEDD1-8BF8-4A79-5212-E31A3845623D,1599300035031,182295,-1
Kqbm2YkMP0Q,0B32702C-02FD-CD1F-0003-F0F76F5B1581-1,3C592B01-AF31-7A5A-70F6-2D9CE4083034,2C9EEDD1-8BF8-4A79-5212-E31A3845623D,1599300036065,183328,5
Kqbm2YkMP0Q,0B32702C-02FD-CD1F-0003-F0F76F5B1581-1,64537568-A2D2-A06D-D77B-406447F883C9,68B04DF6-B6C2-6F9C-CF35-3B16FE70C98E,1599300038106,213961,59
Kqbm2YkMP0Q,0B32702C-02FD-CD1F-0003-F0F76F5B1581-1,3C592B01-AF31-7A5A-70F6-2D9CE4083034,2C9EEDD1-8BF8-4A79-5212-E31A3845623D,1599300038332,185596,-2
Kqbm2YkMP0Q,0B32702C-02FD-CD1F-0003-F0F76F5B1581-1,C4731719-5D70-7ECE-3805-EA61A3952D4F,8184BDE9-44B8-49FF-E0DF-B21AFFDD7CA7,1599300039694,221409,12
Kqbm2YkMP0Q,0B32702C-02FD-CD1F-0003-F0F76F5B1581-1,C4731719-5D70-7ECE-3805-EA61A3952D4F,8184BDE9-44B8-49FF-E0DF-B21AFFDD7CA7,1599300040710,222425,22
Kqbm2YkMP0Q,0B32702C-02FD-CD1F-0003-F0F76F5B1581-1,C4731719-5D70-7ECE-3805-EA61A3952D4F,8184BDE9-44B8-49FF-E0DF-B21AFFDD7CA7,1599300041911,223626,29
Kqbm2YkMP0Q,0B32702C-02FD-CD1F-0003-F0F76F5B1581-1,64537568-A2D2-A06D-D77B-406447F883C9,68B04DF6-B6C2-6F9C-CF35-3B16FE70C98E,1599300042136,217991,68
Kqbm2YkMP0Q,0B32702C-02FD-CD1F-0003-F0F76F5B1581-1,3C592B01-AF31-7A5A-70F6-2D9CE4083034,2C9EEDD1-8BF8-4A79-5212-E31A3845623D,1599300042599,189863,-10
Kqbm2YkMP0Q,0B32702C-02FD-CD1F-0003-F0F76F5B1581-1,C4731719-5D70-7ECE-3805-EA61A3952D4F,8184BDE9-44B8-49FF-E0DF-B21AFFDD7CA7,1599300043294,225009,38
Kqbm2YkMP0Q,0B32702C-02FD-CD1F-0003-F0F76F5B1581-1,3C592B01-AF31-7A5A-70F6-2D9CE4083034,2C9EEDD1-8BF8-4A79-5212-E31A3845623D,1599300043631,190896,-12
Kqbm2YkMP0Q,0B32702C-02FD-CD1F-0003-F0F76F5B1581-1,3C592B01-AF31-7A5A-70F6-2D9CE4083034,2C9EEDD1-8BF8-4A79-5212-E31A3845623D,1599300044632,191897,-26
Kqbm2YkMP0Q,0B32702C-02FD-CD1F-0003-F0F76F5B1581-1,64537568-A2D2-A06D-D77B-406447F883C9,68B04DF6-B6C2-6F9C-CF35-3B16FE70C98E,1599300045059,220913,76
Kqbm2YkMP0Q,0B32702C-02FD-CD1F-0003-F0F76F5B1581-1,10F806DE-9947-C5D2-57B0-3BE4B8315345,A9ADA88B-F129-527E-806B-64E99C58E445,1599300045945,124446,31
Kqbm2YkMP0Q,0B32702C-02FD-CD1F-0003-F0F76F5B1581-1,C4731719-5D70-7ECE-3805-EA61A3952D4F,8184BDE9-44B8-49FF-E0DF-B21AFFDD7CA7,1599300047177,228893,31
Kqbm2YkMP0Q,0B32702C-02FD-CD1F-0003-F0F76F5B1581-1,C4731719-5D70-7ECE-3805-EA61A3952D4F,8184BDE9-44B8-49FF-E0DF-B21AFFDD7CA7,1599300049577,231292,19
Kqbm2YkMP0Q,0B32702C-02FD-CD1F-0003-F0F76F5B1581-1,C4731719-5D70-7ECE-3805-EA61A3952D4F,8184BDE9-44B8-49FF-E0DF-B21AFFDD7CA7,1599300050594,232307,24
Kqbm2YkMP0Q,0B32702C-02FD-CD1F-0003-F0F76F5B1581-1,C4731719-5D70-7ECE-3805-EA61A3952D4F,8184BDE9-44B8-49FF-E0DF-B21AFFDD7CA7,1599300052244,233955,28
Kqbm2YkMP0Q,0B32702C-02FD-CD1F-0003-F0F76F5B1581-1,C4731719-5D70-7ECE-3805-EA61A3952D4F,8184BDE9-44B8-49FF-E0DF-B21AFFDD7CA7,1599300053244,234959,34
Kqbm2YkMP0Q,0B32702C-02FD-CD1F-0003-F0F76F5B1581-1,3C592B01-AF31-7A5A-70F6-2D9CE4083034,2C9EEDD1-8BF8-4A79-5212-E31A3845623D,1599300053499,200763,-18
Kqbm2YkMP0Q,0B32702C-02FD-CD1F-0003-F0F76F5B1581-1,955C1EAE-3708-1ECF-88F3-22D086B41D86,FFF9F8D1-635C-AF34-67E2-EB3E2DCE6481,1599296082255,221301,16
Kqbm2YkMP0Q,0B32702C-02FD-CD1F-0003-F0F76F5B1581-1,C4731719-5D70-7ECE-3805-EA61A3952D4F,8184BDE9-44B8-49FF-E0DF-B21AFFDD7CA7,1599300054444,236159,39
Kqbm2YkMP0Q,0B32702C-02FD-CD1F-0003-F0F76F5B1581-1,10F806DE-9947-C5D2-57B0-3BE4B8315345,A9ADA88B-F129-527E-806B-64E99C58E445,1599300054412,132912,35
Kqbm2YkMP0Q,0B32702C-02FD-CD1F-0003-F0F76F5B1581-1,3C592B01-AF31-7A5A-70F6-2D9CE4083034,2C9EEDD1-8BF8-4A79-5212-E31A3845623D,1599300054698,201962,5
Kqbm2YkMP0Q,0B32702C-02FD-CD1F-0003-F0F76F5B1581-1,955C1EAE-3708-1ECF-88F3-22D086B41D86,FFF9F8D1-635C-AF34-67E2-EB3E2DCE6481,1599296083272,222318,20
Kqbm2YkMP0Q,0B32702C-02FD-CD1F-0003-F0F76F5B1581-1,C4731719-5D70-7ECE-3805-EA61A3952D4F,8184BDE9-44B8-49FF-E0DF-B21AFFDD7CA7,1599300055576,237291,45
Kqbm2YkMP0Q,0B32702C-02FD-CD1F-0003-F0F76F5B1581-1,3C592B01-AF31-7A5A-70F6-2D9CE4083034,2C9EEDD1-8BF8-4A79-5212-E31A3845623D,1599300055698,202963,-1
Kqbm2YkMP0Q,0B32702C-02FD-CD1F-0003-F0F76F5B1581-1,C4731719-5D70-7ECE-3805-EA61A3952D4F,8184BDE9-44B8-49FF-E0DF-B21AFFDD7CA7,1599300056577,238292,57
Kqbm2YkMP0Q,0B32702C-02FD-CD1F-0003-F0F76F5B1581-1,C4731719-5D70-7ECE-3805-EA61A3952D4F,8184BDE9-44B8-49FF-E0DF-B21AFFDD7CA7,1599300057593,239308,61
Kqbm2YkMP0Q,0B32702C-02FD-CD1F-0003-F0F76F5B1581-1,10F806DE-9947-C5D2-57B0-3BE4B8315345,A9ADA88B-F129-527E-806B-64E99C58E445,1599300062579,141079,28
Kqbm2YkMP0Q,0B32702C-02FD-CD1F-0003-F0F76F5B1581-1,C4731719-5D70-7ECE-3805-EA61A3952D4F,8184BDE9-44B8-49FF-E0DF-B21AFFDD7CA7,1599300062976,244691,59
Kqbm2YkMP0Q,0B32702C-02FD-CD1F-0003-F0F76F5B1581-1,C4731719-5D70-7ECE-3805-EA61A3952D4F,8184BDE9-44B8-49FF-E0DF-B21AFFDD7CA7,1599300064194,245909,51
Kqbm2YkMP0Q,0B32702C-02FD-CD1F-0003-F0F76F5B1581-1,3C592B01-AF31-7A5A-70F6-2D9CE4083034,2C9EEDD1-8BF8-4A79-5212-E31A3845623D,1599300064530,211793,-9
Kqbm2YkMP0Q,0B32702C-02FD-CD1F-0003-F0F76F5B1581-1,3C592B01-AF31-7A5A-70F6-2D9CE4083034,2C9EEDD1-8BF8-4A79-5212-E31A3845623D,1599300065530,212794,-25
Kqbm2YkMP0Q,0B32702C-02FD-CD1F-0003-F0F76F5B1581-1,64537568-A2D2-A06D-D77B-406447F883C9,68B04DF6-B6C2-6F9C-CF35-3B16FE70C98E,1599300065881,241736,82
Kqbm2YkMP0Q,0B32702C-02FD-CD1F-0003-F0F76F5B1581-1,3C592B01-AF31-7A5A-70F6-2D9CE4083034,2C9EEDD1-8BF8-4A79-5212-E31A3845623D,1599300067264,214528,-34
Kqbm2YkMP0Q,0B32702C-02FD-CD1F-0003-F0F76F5B1581-1,3C592B01-AF31-7A5A-70F6-2D9CE4083034,2C9EEDD1-8BF8-4A79-5212-E31A3845623D,1599300068297,215561,-43
Kqbm2YkMP0Q,0B32702C-02FD-CD1F-0003-F0F76F5B1581-1,64537568-A2D2-A06D-D77B-406447F883C9,68B04DF6-B6C2-6F9C-CF35-3B16FE70C98E,1599300069374,245228,89
Kqbm2YkMP0Q,0B32702C-02FD-CD1F-0003-F0F76F5B1581-1,955C1EAE-3708-1ECF-88F3-22D086B41D86,FFF9F8D1-635C-AF34-67E2-EB3E2DCE6481,1599296098010,237056,23
Kqbm2YkMP0Q,0B32702C-02FD-CD1F-0003-F0F76F5B1581-1,C4731719-5D70-7ECE-3805-EA61A3952D4F,8184BDE9-44B8-49FF-E0DF-B21AFFDD7CA7,1599300070709,252420,44
Kqbm2YkMP0Q,0B32702C-02FD-CD1F-0003-F0F76F5B1581-1,10F806DE-9947-C5D2-57B0-3BE4B8315345,A9ADA88B-F129-527E-806B-64E99C58E445,1599300070779,149279,24
Kqbm2YkMP0Q,0B32702C-02FD-CD1F-0003-F0F76F5B1581-1,955C1EAE-3708-1ECF-88F3-22D086B41D86,FFF9F8D1-635C-AF34-67E2-EB3E2DCE6481,1599296099227,238273,27
Kqbm2YkMP0Q,0B32702C-02FD-CD1F-0003-F0F76F5B1581-1,10F806DE-9947-C5D2-57B0-3BE4B8315345,A9ADA88B-F129-527E-806B-64E99C58E445,1599300071779,150280,4
Kqbm2YkMP0Q,0B32702C-02FD-CD1F-0003-F0F76F5B1581-1,3C592B01-AF31-7A5A-70F6-2D9CE4083034,2C9EEDD1-8BF8-4A79-5212-E31A3845623D,1599300071998,219261,-32
Kqbm2YkMP0Q,0B32702C-02FD-CD1F-0003-F0F76F5B1581-1,10F806DE-9947-C5D2-57B0-3BE4B8315345,A9ADA88B-F129-527E-806B-64E99C58E445,1599300072814,151315,-3
Kqbm2YkMP0Q,0B32702C-02FD-CD1F-0003-F0F76F5B1581-1,3C592B01-AF31-7A5A-70F6-2D9CE4083034,2C9EEDD1-8BF8-4A79-5212-E31A3845623D,1599300073538,220802,-39
Kqbm2YkMP0Q,0B32702C-02FD-CD1F-0003-F0F76F5B1581-1,3C592B01-AF31-7A5A-70F6-2D9CE4083034,2C9EEDD1-8BF8-4A79-5212-E31A3845623D,1599300077531,224794,-33
Kqbm2YkMP0Q,0B32702C-02FD-CD1F-0003-F0F76F5B1581-1,3C592B01-AF31-7A5A-70F6-2D9CE4083034,2C9EEDD1-8BF8-4A79-5212-E31A3845623D,1599300078564,225827,-23
Kqbm2YkMP0Q,0B32702C-02FD-CD1F-0003-F0F76F5B1581-1,3C592B01-AF31-7A5A-70F6-2D9CE4083034,2C9EEDD1-8BF8-4A79-5212-E31A3845623D,1599300080064,227327,-16
Kqbm2YkMP0Q,0B32702C-02FD-CD1F-0003-F0F76F5B1581-1,3C592B01-AF31-7A5A-70F6-2D9CE4083034,2C9EEDD1-8BF8-4A79-5212-E31A3845623D,1599300081098,228361,-8
Kqbm2YkMP0Q,0B32702C-02FD-CD1F-0003-F0F76F5B1581-1,C4731719-5D70-7ECE-3805-EA61A3952D4F,8184BDE9-44B8-49FF-E0DF-B21AFFDD7CA7,1599300081143,262858,39
Kqbm2YkMP0Q,0B32702C-02FD-CD1F-0003-F0F76F5B1581-1,3C592B01-AF31-7A5A-70F6-2D9CE4083034,2C9EEDD1-8BF8-4A79-5212-E31A3845623D,1599300082131,229394,-16
Kqbm2YkMP0Q,0B32702C-02FD-CD1F-0003-F0F76F5B1581-1,C4731719-5D70-7ECE-3805-EA61A3952D4F,8184BDE9-44B8-49FF-E0DF-B21AFFDD7CA7,1599300082160,263875,32
Kqbm2YkMP0Q,0B32702C-02FD-CD1F-0003-F0F76F5B1581-1,C4731719-5D70-7ECE-3805-EA61A3952D4F,8184BDE9-44B8-49FF-E0DF-B21AFFDD7CA7,1599300083177,264893,25
Kqbm2YkMP0Q,0B32702C-02FD-CD1F-0003-F0F76F5B1581-1,3C592B01-AF31-7A5A-70F6-2D9CE4083034,2C9EEDD1-8BF8-4A79-5212-E31A3845623D,1599300084331,231595,-25
Kqbm2YkMP0Q,0B32702C-02FD-CD1F-0003-F0F76F5B1581-1,3C592B01-AF31-7A5A-70F6-2D9CE4083034,2C9EEDD1-8BF8-4A79-5212-E31A3845623D,1599300087998,235260,-17
Kqbm2YkMP0Q,0B32702C-02FD-CD1F-0003-F0F76F5B1581-1,3C592B01-AF31-7A5A-70F6-2D9CE4083034,2C9EEDD1-8BF8-4A79-5212-E31A3845623D,1599300089031,236294,-11
Kqbm2YkMP0Q,0B32702C-02FD-CD1F-0003-F0F76F5B1581-1,C4731719-5D70-7ECE-3805-EA61A3952D4F,8184BDE9-44B8-49FF-E0DF-B21AFFDD7CA7,1599300089776,271492,19
Kqbm2YkMP0Q,0B32702C-02FD-CD1F-0003-F0F76F5B1581-1,C4731719-5D70-7ECE-3805-EA61A3952D4F,8184BDE9-44B8-49FF-E0DF-B21AFFDD7CA7,1599300090793,272508,16
Kqbm2YkMP0Q,0B32702C-02FD-CD1F-0003-F0F76F5B1581-1,3C592B01-AF31-7A5A-70F6-2D9CE4083034,2C9EEDD1-8BF8-4A79-5212-E31A3845623D,1599300092064,239328,-3
Kqbm2YkMP0Q,0B32702C-02FD-CD1F-0003-F0F76F5B1581-1,64537568-A2D2-A06D-D77B-406447F883C9,68B04DF6-B6C2-6F9C-CF35-3B16FE70C98E,1599300092924,268778,24
Kqbm2YkMP0Q,0B32702C-02FD-CD1F-0003-F0F76F5B1581-1,3C592B01-AF31-7A5A-70F6-2D9CE4083034,2C9EEDD1-8BF8-4A79-5212-E31A3845623D,1599300093098,240361,4
Kqbm2YkMP0Q,0B32702C-02FD-CD1F-0003-F0F76F5B1581-1,3C592B01-AF31-7A5A-70F6-2D9CE4083034,2C9EEDD1-8BF8-4A79-5212-E31A3845623D,1599300094166,241431,11
Kqbm2YkMP0Q,0B32702C-02FD-CD1F-0003-F0F76F5B1581-1,3C592B01-AF31-7A5A-70F6-2D9CE4083034,2C9EEDD1-8BF8-4A79-5212-E31A3845623D,1599300095197,242459,19
Kqbm2YkMP0Q,0B32702C-02FD-CD1F-0003-F0F76F5B1581-1,3C592B01-AF31-7A5A-70F6-2D9CE4083034,2C9EEDD1-8BF8-4A79-5212-E31A3845623D,1599300096232,243494,2
Kqbm2YkMP0Q,0B32702C-02FD-CD1F-0003-F0F76F5B1581-1,3C592B01-AF31-7A5A-70F6-2D9CE4083034,2C9EEDD1-8BF8-4A79-5212-E31A3845623D,1599300097365,244628,-23
Kqbm2YkMP0Q,0B32702C-02FD-CD1F-0003-F0F76F5B1581-1,3C592B01-AF31-7A5A-70F6-2D9CE4083034,2C9EEDD1-8BF8-4A79-5212-E31A3845623D,1599300098398,245661,-38
Kqbm2YkMP0Q,0B32702C-02FD-CD1F-0003-F0F76F5B1581-1,10F806DE-9947-C5D2-57B0-3BE4B8315345,A9ADA88B-F129-527E-806B-64E99C58E445,1599300101715,180214,2
Kqbm2YkMP0Q,0B32702C-02FD-CD1F-0003-F0F76F5B1581-1,C4731719-5D70-7ECE-3805-EA61A3952D4F,8184BDE9-44B8-49FF-E0DF-B21AFFDD7CA7,1599300102059,283775,18
Kqbm2YkMP0Q,0B32702C-02FD-CD1F-0003-F0F76F5B1581-1,10F806DE-9947-C5D2-57B0-3BE4B8315345,A9ADA88B-F129-527E-806B-64E99C58E445,1599300102748,181246,16
Kqbm2YkMP0Q,0B32702C-02FD-CD1F-0003-F0F76F5B1581-1,C4731719-5D70-7ECE-3805-EA61A3952D4F,8184BDE9-44B8-49FF-E0DF-B21AFFDD7CA7,1599300103076,284790,21
Kqbm2YkMP0Q,0B32702C-02FD-CD1F-0003-F0F76F5B1581-1,C4731719-5D70-7ECE-3805-EA61A3952D4F,8184BDE9-44B8-49FF-E0DF-B21AFFDD7CA7,1599300104075,285791,21
Kqbm2YkMP0Q,0B32702C-02FD-CD1F-0003-F0F76F5B1581-1,C4731719-5D70-7ECE-3805-EA61A3952D4F,8184BDE9-44B8-49FF-E0DF-B21AFFDD7CA7,1599300105092,286808,18
Kqbm2YkMP0Q,0B32702C-02FD-CD1F-0003-F0F76F5B1581-1,64537568-A2D2-A06D-D77B-406447F883C9,68B04DF6-B6C2-6F9C-CF35-3B16FE70C98E,1599300107209,283062,40
Kqbm2YkMP0Q,0B32702C-02FD-CD1F-0003-F0F76F5B1581-1,64537568-A2D2-A06D-D77B-406447F883C9,68B04DF6-B6C2-6F9C-CF35-3B16FE70C98E,1599300110184,286037,48
Kqbm2YkMP0Q,0B32702C-02FD-CD1F-0003-F0F76F5B1581-1,10F806DE-9947-C5D2-57B0-3BE4B8315345,A9ADA88B-F129-527E-806B-64E99C58E445,1599300111148,189647,23
Kqbm2YkMP0Q,0B32702C-02FD-CD1F-0003-F0F76F5B1581-1,3C592B01-AF31-7A5A-70F6-2D9CE4083034,2C9EEDD1-8BF8-4A79-5212-E31A3845623D,1599300111264,258527,-46
Kqbm2YkMP0Q,0B32702C-02FD-CD1F-0003-F0F76F5B1581-1,10F806DE-9947-C5D2-57B0-3BE4B8315345,A9ADA88B-F129-527E-806B-64E99C58E445,1599300112181,190680,30
Kqbm2YkMP0Q,0B32702C-02FD-CD1F-0003-F0F76F5B1581-1,3C592B01-AF31-7A5A-70F6-2D9CE4083034,2C9EEDD1-8BF8-4A79-5212-E31A3845623D,1599300112397,259660,-39
Kqbm2YkMP0Q,0B32702C-02FD-CD1F-0003-F0F76F5B1581-1,64537568-A2D2-A06D-D77B-406447F883C9,68B04DF6-B6C2-6F9C-CF35-3B16FE70C98E,1599300114662,290515,53
Kqbm2YkMP0Q,0B32702C-02FD-CD1F-0003-F0F76F5B1581-1,3C592B01-AF31-7A5A-70F6-2D9CE4083034,2C9EEDD1-8BF8-4A79-5212-E31A3845623D,1599300122698,269962,-47
Kqbm2YkMP0Q,0B32702C-02FD-CD1F-0003-F0F76F5B1581-1,3C592B01-AF31-7A5A-70F6-2D9CE4083034,2C9EEDD1-8BF8-4A79-5212-E31A3845623D,1599300123730,270993,-62
Kqbm2YkMP0Q,0B32702C-02FD-CD1F-0003-F0F76F5B1581-1,3C592B01-AF31-7A5A-70F6-2D9CE4083034,2C9EEDD1-8BF8-4A79-5212-E31A3845623D,1599300124867,272130,-51
Kqbm2YkMP0Q,0B32702C-02FD-CD1F-0003-F0F76F5B1581-1,64537568-A2D2-A06D-D77B-406447F883C9,68B04DF6-B6C2-6F9C-CF35-3B16FE70C98E,1599300131409,307261,61
Kqbm2YkMP0Q,0B32702C-02FD-CD1F-0003-F0F76F5B1581-1,C4731719-5D70-7ECE-3805-EA61A3952D4F,8184BDE9-44B8-49FF-E0DF-B21AFFDD7CA7,1599300132692,314409,20
Kqbm2YkMP0Q,0B32702C-02FD-CD1F-0003-F0F76F5B1581-1,C4731719-5D70-7ECE-3805-EA61A3952D4F,8184BDE9-44B8-49FF-E0DF-B21AFFDD7CA7,1599300133709,315426,36
Kqbm2YkMP0Q,0B32702C-02FD-CD1F-0003-F0F76F5B1581-1,64537568-A2D2-A06D-D77B-406447F883C9,68B04DF6-B6C2-6F9C-CF35-3B16FE70C98E,1599300134016,309865,71
Kqbm2YkMP0Q,0B32702C-02FD-CD1F-0003-F0F76F5B1581-1,64537568-A2D2-A06D-D77B-406447F883C9,68B04DF6-B6C2-6F9C-CF35-3B16FE70C98E,1599300135435,311287,82
Kqbm2YkMP0Q,0B32702C-02FD-CD1F-0003-F0F76F5B1581-1,10F806DE-9947-C5D2-57B0-3BE4B8315345,A9ADA88B-F129-527E-806B-64E99C58E445,1599300136351,214849,38
Kqbm2YkMP0Q,0B32702C-02FD-CD1F-0003-F0F76F5B1581-1,90EA810E-BE97-2B23-B16C-111ECBCE338B,526B79DD-B6CC-C14B-4BFE-588CBD974E12,1599300138630,229231,18
Kqbm2YkMP0Q,0B32702C-02FD-CD1F-0003-F0F76F5B1581-1,64537568-A2D2-A06D-D77B-406447F883C9,68B04DF6-B6C2-6F9C-CF35-3B16FE70C98E,1599300138760,314612,92
Kqbm2YkMP0Q,0B32702C-02FD-CD1F-0003-F0F76F5B1581-1,C4731719-5D70-7ECE-3805-EA61A3952D4F,8184BDE9-44B8-49FF-E0DF-B21AFFDD7CA7,1599300140572,319281,0
Kqbm2YkMP0Q,0B32702C-02FD-CD1F-0003-F0F76F5B1581-1,64537568-A2D2-A06D-D77B-406447F883C9,68B04DF6-B6C2-6F9C-CF35-3B16FE70C98E,1599300141454,317306,100
Kqbm2YkMP0Q,0B32702C-02FD-CD1F-0003-F0F76F5B1581-1,10F806DE-9947-C5D2-57B0-3BE4B8315345,A9ADA88B-F129-527E-806B-64E99C58E445,1599300143349,221847,42
Kqbm2YkMP0Q,0B32702C-02FD-CD1F-0003-F0F76F5B1581-1,10F806DE-9947-C5D2-57B0-3BE4B8315345,A9ADA88B-F129-527E-806B-64E99C58E445,1599300145717,224214,49
Kqbm2YkMP0Q,0B32702C-02FD-CD1F-0003-F0F76F5B1581-1,64537568-A2D2-A06D-D77B-406447F883C9,68B04DF6-B6C2-6F9C-CF35-3B16FE70C98E,1599300146479,319299,0
Kqbm2YkMP0Q,0B32702C-02FD-CD1F-0003-F0F76F5B1581-1,10F806DE-9947-C5D2-57B0-3BE4B8315345,A9ADA88B-F129-527E-806B-64E99C58E445,1599300146783,225281,61
Kqbm2YkMP0Q,0B32702C-02FD-CD1F-0003-F0F76F5B1581-1,955C1EAE-3708-1ECF-88F3-22D086B41D86,FFF9F8D1-635C-AF34-67E2-EB3E2DCE6481,1599296175535,314582,36
Kqbm2YkMP0Q,0B32702C-02FD-CD1F-0003-F0F76F5B1581-1,3C592B01-AF31-7A5A-70F6-2D9CE4083034,2C9EEDD1-8BF8-4A79-5212-E31A3845623D,1599300148733,295994,-43
Kqbm2YkMP0Q,0B32702C-02FD-CD1F-0003-F0F76F5B1581-1,3C592B01-AF31-7A5A-70F6-2D9CE4083034,2C9EEDD1-8BF8-4A79-5212-E31A3845623D,1599300153465,300727,-36
Kqbm2YkMP0Q,0B32702C-02FD-CD1F-0003-F0F76F5B1581-1,955C1EAE-3708-1ECF-88F3-22D086B41D86,FFF9F8D1-635C-AF34-67E2-EB3E2DCE6481,1599296183162,319199,0
pJlnxbO5N2g,0B32702C-02FD-CD1F-0003-F0F76F5B1581-2,64537568-A2D2-A06D-D77B-406447F883C9,A95723A6-BA11-FA98-D586-8E0265340C13,1599300160436,0,0
Kqbm2YkMP0Q,0B32702C-02FD-CD1F-0003-F0F76F5B1581-1,3C592B01-AF31-7A5A-70F6-2D9CE4083034,2C9EEDD1-8BF8-4A79-5212-E31A3845623D,1599300162764,310028,-29
Kqbm2YkMP0Q,0B32702C-02FD-CD1F-0003-F0F76F5B1581-1,3C592B01-AF31-7A5A-70F6-2D9CE4083034,2C9EEDD1-8BF8-4A79-5212-E31A3845623D,1599300163798,311061,-41
Kqbm2YkMP0Q,0B32702C-02FD-CD1F-0003-F0F76F5B1581-1,3C592B01-AF31-7A5A-70F6-2D9CE4083034,2C9EEDD1-8BF8-4A79-5212-E31A3845623D,1599300167464,314726,-48
pJlnxbO5N2g,0B32702C-02FD-CD1F-0003-F0F76F5B1581-2,955C1EAE-3708-1ECF-88F3-22D086B41D86,34F1A7D0-2F60-BF10-DD0A-CD1CB752F7A3,1599296196019,0,0
Kqbm2YkMP0Q,0B32702C-02FD-CD1F-0003-F0F76F5B1581-1,10F806DE-9947-C5D2-57B0-3BE4B8315345,A9ADA88B-F129-527E-806B-64E99C58E445,1599300168717,247214,55
Kqbm2YkMP0Q,0B32702C-02FD-CD1F-0003-F0F76F5B1581-1,10F806DE-9947-C5D2-57B0-3BE4B8315345,A9ADA88B-F129-527E-806B-64E99C58E445,1599300169751,248248,48
Kqbm2YkMP0Q,0B32702C-02FD-CD1F-0003-F0F76F5B1581-1,3C592B01-AF31-7A5A-70F6-2D9CE4083034,2C9EEDD1-8BF8-4A79-5212-E31A3845623D,1599300171498,318760,-55
Kqbm2YkMP0Q,0B32702C-02FD-CD1F-0003-F0F76F5B1581-1,3C592B01-AF31-7A5A-70F6-2D9CE4083034,2C9EEDD1-8BF8-4A79-5212-E31A3845623D,1599300172252,319262,0
pJlnxbO5N2g,0B32702C-02FD-CD1F-0003-F0F76F5B1581-2,64537568-A2D2-A06D-D77B-406447F883C9,A95723A6-BA11-FA98-D586-8E0265340C13,1599300178920,18578,8
Kqbm2YkMP0Q,0B32702C-02FD-CD1F-0003-F0F76F5B1581-1,10F806DE-9947-C5D2-57B0-3BE4B8315345,A9ADA88B-F129-527E-806B-64E99C58E445,1599300182852,261349,42
Kqbm2YkMP0Q,0B32702C-02FD-CD1F-0003-F0F76F5B1581-1,10F806DE-9947-C5D2-57B0-3BE4B8315345,A9ADA88B-F129-527E-806B-64E99C58E445,1599300183885,262382,31
pJlnxbO5N2g,0B32702C-02FD-CD1F-0003-F0F76F5B1581-2,64537568-A2D2-A06D-D77B-406447F883C9,A95723A6-BA11-FA98-D586-8E0265340C13,1599300185437,25096,15
Kqbm2YkMP0Q,0B32702C-02FD-CD1F-0003-F0F76F5B1581-1,10F806DE-9947-C5D2-57B0-3BE4B8315345,A9ADA88B-F129-527E-806B-64E99C58E445,1599300186486,264982,23
pJlnxbO5N2g,0B32702C-02FD-CD1F-0003-F0F76F5B1581-2,64537568-A2D2-A06D-D77B-406447F883C9,A95723A6-BA11-FA98-D586-8E0265340C13,1599300186533,26191,25
Kqbm2YkMP0Q,0B32702C-02FD-CD1F-0003-F0F76F5B1581-1,10F806DE-9947-C5D2-57B0-3BE4B8315345,A9ADA88B-F129-527E-806B-64E99C58E445,1599300193419,271916,30
pJlnxbO5N2g,0B32702C-02FD-CD1F-0003-F0F76F5B1581-2,C4731719-5D70-7ECE-3805-EA61A3952D4F,53265064-D019-BB13-7B5E-458048AAA683,1599300194892,0,0
pJlnxbO5N2g,0B32702C-02FD-CD1F-0003-F0F76F5B1581-2,64537568-A2D2-A06D-D77B-406447F883C9,A95723A6-BA11-FA98-D586-8E0265340C13,1599300197336,36995,34
pJlnxbO5N2g,0B32702C-02FD-CD1F-0003-F0F76F5B1581-2,3C592B01-AF31-7A5A-70F6-2D9CE4083034,3B408FB2-08EF-654F-D812-7DA27AA7249A,1599300202405,0,0
pJlnxbO5N2g,0B32702C-02FD-CD1F-0003-F0F76F5B1581-2,64537568-A2D2-A06D-D77B-406447F883C9,A95723A6-BA11-FA98-D586-8E0265340C13,1599300206243,45901,42
Kqbm2YkMP0Q,0B32702C-02FD-CD1F-0003-F0F76F5B1581-1,10F806DE-9947-C5D2-57B0-3BE4B8315345,A9ADA88B-F129-527E-806B-64E99C58E445,1599300206753,285249,38
pJlnxbO5N2g,0B32702C-02FD-CD1F-0003-F0F76F5B1581-2,955C1EAE-3708-1ECF-88F3-22D086B41D86,34F1A7D0-2F60-BF10-DD0A-CD1CB752F7A3,1599296236171,40250,6
pJlnxbO5N2g,0B32702C-02FD-CD1F-0003-F0F76F5B1581-2,955C1EAE-3708-1ECF-88F3-22D086B41D86,34F1A7D0-2F60-BF10-DD0A-CD1CB752F7A3,1599296237221,41300,0
pJlnxbO5N2g,0B32702C-02FD-CD1F-0003-F0F76F5B1581-2,955C1EAE-3708-1ECF-88F3-22D086B41D86,34F1A7D0-2F60-BF10-DD0A-CD1CB752F7A3,1599296238237,42316,-4
pJlnxbO5N2g,0B32702C-02FD-CD1F-0003-F0F76F5B1581-2,955C1EAE-3708-1ECF-88F3-22D086B41D86,34F1A7D0-2F60-BF10-DD0A-CD1CB752F7A3,1599296239238,43318,1
pJlnxbO5N2g,0B32702C-02FD-CD1F-0003-F0F76F5B1581-2,C4731719-5D70-7ECE-3805-EA61A3952D4F,53265064-D019-BB13-7B5E-458048AAA683,1599300213241,18091,-6
Kqbm2YkMP0Q,0B32702C-02FD-CD1F-0003-F0F76F5B1581-1,90EA810E-BE97-2B23-B16C-111ECBCE338B,526B79DD-B6CC-C14B-4BFE-588CBD974E12,1599300217557,308158,23
pJlnxbO5N2g,0B32702C-02FD-CD1F-0003-F0F76F5B1581-2,C4731719-5D70-7ECE-3805-EA61A3952D4F,53265064-D019-BB13-7B5E-458048AAA683,1599300216241,21091,-9
pJlnxbO5N2g,0B32702C-02FD-CD1F-0003-F0F76F5B1581-2,C4731719-5D70-7ECE-3805-EA61A3952D4F,53265064-D019-BB13-7B5E-458048AAA683,1599300217724,22574,-16
pJlnxbO5N2g,0B32702C-02FD-CD1F-0003-F0F76F5B1581-2,C4731719-5D70-7ECE-3805-EA61A3952D4F,53265064-D019-BB13-7B5E-458048AAA683,1599300220191,25040,-13
pJlnxbO5N2g,0B32702C-02FD-CD1F-0003-F0F76F5B1581-2,C4731719-5D70-7ECE-3805-EA61A3952D4F,53265064-D019-BB13-7B5E-458048AAA683,1599300221208,26057,4
pJlnxbO5N2g,0B32702C-02FD-CD1F-0003-F0F76F5B1581-2,C4731719-5D70-7ECE-3805-EA61A3952D4F,53265064-D019-BB13-7B5E-458048AAA683,1599300222291,27141,15
Kqbm2YkMP0Q,0B32702C-02FD-CD1F-0003-F0F76F5B1581-1,90EA810E-BE97-2B23-B16C-111ECBCE338B,526B79DD-B6CC-C14B-4BFE-588CBD974E12,1599300224321,314918,17
Kqbm2YkMP0Q,0B32702C-02FD-CD1F-0003-F0F76F5B1581-1,90EA810E-BE97-2B23-B16C-111ECBCE338B,526B79DD-B6CC-C14B-4BFE-588CBD974E12,1599300231746,319318,0
pJlnxbO5N2g,0B32702C-02FD-CD1F-0003-F0F76F5B1581-2,C4731719-5D70-7ECE-3805-EA61A3952D4F,53265064-D019-BB13-7B5E-458048AAA683,1599300231258,36108,8
Kqbm2YkMP0Q,0B32702C-02FD-CD1F-0003-F0F76F5B1581-1,10F806DE-9947-C5D2-57B0-3BE4B8315345,A9ADA88B-F129-527E-806B-64E99C58E445,1599300231754,310249,45
pJlnxbO5N2g,0B32702C-02FD-CD1F-0003-F0F76F5B1581-2,64537568-A2D2-A06D-D77B-406447F883C9,A95723A6-BA11-FA98-D586-8E0265340C13,1599300232631,72284,49
Kqbm2YkMP0Q,0B32702C-02FD-CD1F-0003-F0F76F5B1581-1,10F806DE-9947-C5D2-57B0-3BE4B8315345,A9ADA88B-F129-527E-806B-64E99C58E445,1599300232787,311282,60
Kqbm2YkMP0Q,0B32702C-02FD-CD1F-0003-F0F76F5B1581-1,10F806DE-9947-C5D2-57B0-3BE4B8315345,A9ADA88B-F129-527E-806B-64E99C58E445,1599300233788,312284,68
pJlnxbO5N2g,0B32702C-02FD-CD1F-0003-F0F76F5B1581-2,955C1EAE-3708-1ECF-88F3-22D086B41D86,34F1A7D0-2F60-BF10-DD0A-CD1CB752F7A3,1599296262712,66790,5
pJlnxbO5N2g,0B32702C-02FD-CD1F-0003-F0F76F5B1581-2,955C1EAE-3708-1ECF-88F3-22D086B41D86,34F1A7D0-2F60-BF10-DD0A-CD1CB752F7A3,1599296263712,67791,18
pJlnxbO5N2g,0B32702C-02FD-CD1F-0003-F0F76F5B1581-2,3C592B01-AF31-7A5A-70F6-2D9CE4083034,3B408FB2-08EF-654F-D812-7DA27AA7249A,1599300235364,32411,-7
pJlnxbO5N2g,0B32702C-02FD-CD1F-0003-F0F76F5B1581-2,3C592B01-AF31-7A5A-70F6-2D9CE4083034,3B408FB2-08EF-654F-D812-7DA27AA7249A,1599300236430,33480,-33
pJlnxbO5N2g,0B32702C-02FD-CD1F-0003-F0F76F5B1581-2,3C592B01-AF31-7A5A-70F6-2D9CE4083034,3B408FB2-08EF-654F-D812-7DA27AA7249A,1599300237464,34514,-40
pJlnxbO5N2g,0B32702C-02FD-CD1F-0003-F0F76F5B1581-2,3C592B01-AF31-7A5A-70F6-2D9CE4083034,3B408FB2-08EF-654F-D812-7DA27AA7249A,1599300238497,35546,-33
pJlnxbO5N2g,0B32702C-02FD-CD1F-0003-F0F76F5B1581-2,C4731719-5D70-7ECE-3805-EA61A3952D4F,53265064-D019-BB13-7B5E-458048AAA683,1599300242024,46874,17
pJlnxbO5N2g,0B32702C-02FD-CD1F-0003-F0F76F5B1581-2,C4731719-5D70-7ECE-3805-EA61A3952D4F,53265064-D019-BB13-7B5E-458048AAA683,1599300243041,47890,34
Kqbm2YkMP0Q,0B32702C-02FD-CD1F-0003-F0F76F5B1581-1,10F806DE-9947-C5D2-57B0-3BE4B8315345,A9ADA88B-F129-527E-806B-64E99C58E445,1599300243783,319254,0
pJlnxbO5N2g,0B32702C-02FD-CD1F-0003-F0F76F5B1581-2,C4731719-5D70-7ECE-3805-EA61A3952D4F,53265064-D019-BB13-7B5E-458048AAA683,1599300244041,48891,61
pJlnxbO5N2g,0B32702C-02FD-CD1F-0003-F0F76F5B1581-2,C4731719-5D70-7ECE-3805-EA61A3952D4F,53265064-D019-BB13-7B5E-458048AAA683,1599300245056,49906,68
pJlnxbO5N2g,0B32702C-02FD-CD1F-0003-F0F76F5B1581-2,64537568-A2D2-A06D-D77B-406447F883C9,A95723A6-BA11-FA98-D586-8E0265340C13,1599300246318,85975,55
pJlnxbO5N2g,0B32702C-02FD-CD1F-0003-F0F76F5B1581-2,955C1EAE-3708-1ECF-88F3-22D086B41D86,34F1A7D0-2F60-BF10-DD0A-CD1CB752F7A3,1599296276500,80579,11
pJlnxbO5N2g,0B32702C-02FD-CD1F-0003-F0F76F5B1581-2,955C1EAE-3708-1ECF-88F3-22D086B41D86,34F1A7D0-2F60-BF10-DD0A-CD1CB752F7A3,1599296277517,81595,6
pJlnxbO5N2g,0B32702C-02FD-CD1F-0003-F0F76F5B1581-2,90EA810E-BE97-2B23-B16C-111ECBCE338B,2E8A623B-BF60-84F3-F62B-FC22B1EA2AFA,1599300251264,0,0
pJlnxbO5N2g,0B32702C-02FD-CD1F-0003-F0F76F5B1581-2,3C592B01-AF31-7A5A-70F6-2D9CE4083034,3B408FB2-08EF-654F-D812-7DA27AA7249A,1599300249896,46944,-24
pJlnxbO5N2g,0B32702C-02FD-CD1F-0003-F0F76F5B1581-2,3C592B01-AF31-7A5A-70F6-2D9CE4083034,3B408FB2-08EF-654F-D812-7DA27AA7249A,1599300250896,47945,-1
pJlnxbO5N2g,0B32702C-02FD-CD1F-0003-F0F76F5B1581-2,3C592B01-AF31-7A5A-70F6-2D9CE4083034,3B408FB2-08EF-654F-D812-7DA27AA7249A,1599300251933,48982,28
pJlnxbO5N2g,0B32702C-02FD-CD1F-0003-F0F76F5B1581-2,955C1EAE-3708-1ECF-88F3-22D086B41D86,34F1A7D0-2F60-BF10-DD0A-CD1CB752F7A3,1599296280585,84663,-1
pJlnxbO5N2g,0B32702C-02FD-CD1F-0003-F0F76F5B1581-2,3C592B01-AF31-7A5A-70F6-2D9CE4083034,3B408FB2-08EF-654F-D812-7DA27AA7249A,1599300252963,50014,28
pJlnxbO5N2g,0B32702C-02FD-CD1F-0003-F0F76F5B1581-2,955C1EAE-3708-1ECF-88F3-22D086B41D86,34F1A7D0-2F60-BF10-DD0A-CD1CB752F7A3,1599296281618,85697,-11
pJlnxbO5N2g,0B32702C-02FD-CD1F-0003-F0F76F5B1581-2,3C592B01-AF31-7A5A-70F6-2D9CE4083034,3B408FB2-08EF-654F-D812-7DA27AA7249A,1599300255763,52810,23
pJlnxbO5N2g,0B32702C-02FD-CD1F-0003-F0F76F5B1581-2,3C592B01-AF31-7A5A-70F6-2D9CE4083034,3B408FB2-08EF-654F-D812-7DA27AA7249A,1599300256762,53811,5
pJlnxbO5N2g,0B32702C-02FD-CD1F-0003-F0F76F5B1581-2,10F806DE-9947-C5D2-57B0-3BE4B8315345,75CD2202-5124-A975-F85C-B94405D6CCB3,1599300257739,0,0
pJlnxbO5N2g,0B32702C-02FD-CD1F-0003-F0F76F5B1581-2,3C592B01-AF31-7A5A-70F6-2D9CE4083034,3B408FB2-08EF-654F-D812-7DA27AA7249A,1599300257829,54878,11
pJlnxbO5N2g,0B32702C-02FD-CD1F-0003-F0F76F5B1581-2,3C592B01-AF31-7A5A-70F6-2D9CE4083034,3B408FB2-08EF-654F-D812-7DA27AA7249A,1599300259096,56145,19
pJlnxbO5N2g,0B32702C-02FD-CD1F-0003-F0F76F5B1581-2,3C592B01-AF31-7A5A-70F6-2D9CE4083034,3B408FB2-08EF-654F-D812-7DA27AA7249A,1599300260096,57147,36
pJlnxbO5N2g,0B32702C-02FD-CD1F-0003-F0F76F5B1581-2,3C592B01-AF31-7A5A-70F6-2D9CE4083034,3B408FB2-08EF-654F-D812-7DA27AA7249A,1599300261129,58180,29
pJlnxbO5N2g,0B32702C-02FD-CD1F-0003-F0F76F5B1581-2,C4731719-5D70-7ECE-3805-EA61A3952D4F,53265064-D019-BB13-7B5E-458048AAA683,1599300262607,67457,58
pJlnxbO5N2g,0B32702C-02FD-CD1F-0003-F0F76F5B1581-2,C4731719-5D70-7ECE-3805-EA61A3952D4F,53265064-D019-BB13-7B5E-458048AAA683,1599300263773,68623,46
pJlnxbO5N2g,0B32702C-02FD-CD1F-0003-F0F76F5B1581-2,3C592B01-AF31-7A5A-70F6-2D9CE4083034,3B408FB2-08EF-654F-D812-7DA27AA7249A,1599300272463,69514,23
pJlnxbO5N2g,0B32702C-02FD-CD1F-0003-F0F76F5B1581-2,3C592B01-AF31-7A5A-70F6-2D9CE4083034,3B408FB2-08EF-654F-D812-7DA27AA7249A,1599300273496,70545,12
pJlnxbO5N2g,0B32702C-02FD-CD1F-0003-F0F76F5B1581-2,3C592B01-AF31-7A5A-70F6-2D9CE4083034,3B408FB2-08EF-654F-D812-7DA27AA7249A,1599300274529,71578,4
pJlnxbO5N2g,0B32702C-02FD-CD1F-0003-F0F76F5B1581-2,10F806DE-9947-C5D2-57B0-3BE4B8315345,75CD2202-5124-A975-F85C-B94405D6CCB3,1599300284390,26008,8
pJlnxbO5N2g,0B32702C-02FD-CD1F-0003-F0F76F5B1581-2,10F806DE-9947-C5D2-57B0-3BE4B8315345,75CD2202-5124-A975-F85C-B94405D6CCB3,1599300285390,27009,17
pJlnxbO5N2g,0B32702C-02FD-CD1F-0003-F0F76F5B1581-2,3C592B01-AF31-7A5A-70F6-2D9CE4083034,3B408FB2-08EF-654F-D812-7DA27AA7249A,1599300287829,84878,-1
pJlnxbO5N2g,0B32702C-02FD-CD1F-0003-F0F76F5B1581-2,3C592B01-AF31-7A5A-70F6-2D9CE4083034,3B408FB2-08EF-654F-D812-7DA27AA7249A,1599300288863,85912,-21
pJlnxbO5N2g,0B32702C-02FD-CD1F-0003-F0F76F5B1581-2,3C592B01-AF31-7A5A-70F6-2D9CE4083034,3B408FB2-08EF-654F-D812-7DA27AA7249A,1599300289896,86945,-32
pJlnxbO5N2g,0B32702C-02FD-CD1F-0003-F0F76F5B1581-2,3C592B01-AF31-7A5A-70F6-2D9CE4083034,3B408FB2-08EF-654F-D812-7DA27AA7249A,1599300290995,88045,-25
pJlnxbO5N2g,0B32702C-02FD-CD1F-0003-F0F76F5B1581-2,3C592B01-AF31-7A5A-70F6-2D9CE4083034,3B408FB2-08EF-654F-D812-7DA27AA7249A,1599300292029,89077,-11
pJlnxbO5N2g,0B32702C-02FD-CD1F-0003-F0F76F5B1581-2,3C592B01-AF31-7A5A-70F6-2D9CE4083034,3B408FB2-08EF-654F-D812-7DA27AA7249A,1599300293029,90078,-37
pJlnxbO5N2g,0B32702C-02FD-CD1F-0003-F0F76F5B1581-2,3C592B01-AF31-7A5A-70F6-2D9CE4083034,3B408FB2-08EF-654F-D812-7DA27AA7249A,1599300294163,91212,-9
pJlnxbO5N2g,0B32702C-02FD-CD1F-0003-F0F76F5B1581-2,3C592B01-AF31-7A5A-70F6-2D9CE4083034,3B408FB2-08EF-654F-D812-7DA27AA7249A,1599300295195,92243,-16
pJlnxbO5N2g,0B32702C-02FD-CD1F-0003-F0F76F5B1581-2,90EA810E-BE97-2B23-B16C-111ECBCE338B,2E8A623B-BF60-84F3-F62B-FC22B1EA2AFA,1599300297679,45370,-9
pJlnxbO5N2g,0B32702C-02FD-CD1F-0003-F0F76F5B1581-2,3C592B01-AF31-7A5A-70F6-2D9CE4083034,3B408FB2-08EF-654F-D812-7DA27AA7249A,1599300296195,93244,-12
pJlnxbO5N2g,0B32702C-02FD-CD1F-0003-F0F76F5B1581-2,3C592B01-AF31-7A5A-70F6-2D9CE4083034,3B408FB2-08EF-654F-D812-7DA27AA7249A,1599300297229,94278,-11
pJlnxbO5N2g,0B32702C-02FD-CD1F-0003-F0F76F5B1581-2,3C592B01-AF31-7A5A-70F6-2D9CE4083034,3B408FB2-08EF-654F-D812-7DA27AA7249A,1599300298262,95311,-13
pJlnxbO5N2g,0B32702C-02FD-CD1F-0003-F0F76F5B1581-2,90EA810E-BE97-2B23-B16C-111ECBCE338B,2E8A623B-BF60-84F3-F62B-FC22B1EA2AFA,1599300300762,48451,-2
pJlnxbO5N2g,0B32702C-02FD-CD1F-0003-F0F76F5B1581-2,3C592B01-AF31-7A5A-70F6-2D9CE4083034,3B408FB2-08EF-654F-D812-7DA27AA7249A,1599300299329,96377,0
pJlnxbO5N2g,0B32702C-02FD-CD1F-0003-F0F76F5B1581-2,90EA810E-BE97-2B23-B16C-111ECBCE338B,2E8A623B-BF60-84F3-F62B-FC22B1EA2AFA,1599300301763,49453,7
pJlnxbO5N2g,0B32702C-02FD-CD1F-0003-F0F76F5B1581-2,3C592B01-AF31-7A5A-70F6-2D9CE4083034,3B408FB2-08EF-654F-D812-7DA27AA7249A,1599300300562,97611,-6
pJlnxbO5N2g,0B32702C-02FD-CD1F-0003-F0F76F5B1581-2,64537568-A2D2-A06D-D77B-406447F883C9,A95723A6-BA11-FA98-D586-8E0265340C13,1599300302503,142160,38
pJlnxbO5N2g,0B32702C-02FD-CD1F-0003-F0F76F5B1581-2,64537568-A2D2-A06D-D77B-406447F883C9,A95723A6-BA11-FA98-D586-8E0265340C13,1599300303505,143161,30
pJlnxbO5N2g,0B32702C-02FD-CD1F-0003-F0F76F5B1581-2,955C1EAE-3708-1ECF-88F3-22D086B41D86,34F1A7D0-2F60-BF10-DD0A-CD1CB752F7A3,1599296332751,136831,-3
pJlnxbO5N2g,0B32702C-02FD-CD1F-0003-F0F76F5B1581-2,955C1EAE-3708-1ECF-88F3-22D086B41D86,34F1A7D0-2F60-BF10-DD0A-CD1CB752F7A3,1599296333768,137848,8
pJlnxbO5N2g,0B32702C-02FD-CD1F-0003-F0F76F5B1581-2,64537568-A2D2-A06D-D77B-406447F883C9,A95723A6-BA11-FA98-D586-8E0265340C13,1599300310492,150148,21
pJlnxbO5N2g,0B32702C-02FD-CD1F-0003-F0F76F5B1581-2,10F806DE-9947-C5D2-57B0-3BE4B8315345,75CD2202-5124-A975-F85C-B94405D6CCB3,1599300312028,47017,23
pJlnxbO5N2g,0B32702C-02FD-CD1F-0003-F0F76F5B1581-2,10F806DE-9947-C5D2-57B0-3BE4B8315345,75CD2202-5124-A975-F85C-B94405D6CCB3,1599300313059,48047,36
pJlnxbO5N2g,0B32702C-02FD-CD1F-0003-F0F76F5B1581-2,64537568-A2D2-A06D-D77B-406447F883C9,A95723A6-BA11-FA98-D586-8E0265340C13,1599300316302,155948,29
pJlnxbO5N2g,0B32702C-02FD-CD1F-0003-F0F76F5B1581-2,64537568-A2D2-A06D-D77B-406447F883C9,A95723A6-BA11-FA98-D586-8E0265340C13,1599300317327,156951,33
pJlnxbO5N2g,0B32702C-02FD-CD1F-0003-F0F76F5B1581-2,955C1EAE-3708-1ECF-88F3-22D086B41D86,34F1A7D0-2F60-BF10-DD0A-CD1CB752F7A3,1599296346422,150502,14
pJlnxbO5N2g,0B32702C-02FD-CD1F-0003-F0F76F5B1581-2,3C592B01-AF31-7A5A-70F6-2D9CE4083034,3B408FB2-08EF-654F-D812-7DA27AA7249A,1599300319429,116479,-14
pJlnxbO5N2g,0B32702C-02FD-CD1F-0003-F0F76F5B1581-2,955C1EAE-3708-1ECF-88F3-22D086B41D86,34F1A7D0-2F60-BF10-DD0A-CD1CB752F7A3,1599296348422,152501,21
pJlnxbO5N2g,0B32702C-02FD-CD1F-0003-F0F76F5B1581-2,10F806DE-9947-C5D2-57B0-3BE4B8315345,75CD2202-5124-A975-F85C-B94405D6CCB3,1599300320925,55914,31
pJlnxbO5N2g,0B32702C-02FD-CD1F-0003-F0F76F5B1581-2,3C592B01-AF31-7A5A-70F6-2D9CE4083034,3B408FB2-08EF-654F-D812-7DA27AA7249A,1599300320462,117512,-7
pJlnxbO5N2g,0B32702C-02FD-CD1F-0003-F0F76F5B1581-2,10F806DE-9947-C5D2-57B0-3BE4B8315345,75CD2202-5124-A975-F85C-B94405D6CCB3,1599300322025,57013,3
pJlnxbO5N2g,0B32702C-02FD-CD1F-0003-F0F76F5B1581-2,10F806DE-9947-C5D2-57B0-3BE4B8315345,75CD2202-5124-A975-F85C-B94405D6CCB3,1599300323693,58681,-3
pJlnxbO5N2g,0B32702C-02FD-CD1F-0003-F0F76F5B1581-2,C4731719-5D70-7ECE-3805-EA61A3952D4F,53265064-D019-BB13-7B5E-458048AAA683,1599300332489,137341,43
pJlnxbO5N2g,0B32702C-02FD-CD1F-0003-F0F76F5B1581-2,C4731719-5D70-7ECE-3805-EA61A3952D4F,53265064-D019-BB13-7B5E-458048AAA683,1599300333505,138354,26
pJlnxbO5N2g,0B32702C-02FD-CD1F-0003-F0F76F5B1581-2,90EA810E-BE97-2B23-B16C-111ECBCE338B,2E8A623B-BF60-84F3-F62B-FC22B1EA2AFA,1599300338086,85776,0
pJlnxbO5N2g,0B32702C-02FD-CD1F-0003-F0F76F5B1581-2,C4731719-5D70-7ECE-3805-EA61A3952D4F,53265064-D019-BB13-7B5E-458048AAA683,1599300336539,141391,31
pJlnxbO5N2g,0B32702C-02FD-CD1F-0003-F0F76F5B1581-2,90EA810E-BE97-2B23-B16C-111ECBCE338B,2E8A623B-BF60-84F3-F62B-FC22B1EA2AFA,1599300339089,86781,-18
pJlnxbO5N2g,0B32702C-02FD-CD1F-0003-F0F76F5B1581-2,C4731719-5D70-7ECE-3805-EA61A3952D4F,53265064-D019-BB13-7B5E-458048AAA683,1599300337555,142406,34
pJlnxbO5N2g,0B32702C-02FD-CD1F-0003-F0F76F5B1581-2,90EA810E-BE97-2B23-B16C-111ECBCE338B,2E8A623B-BF60-84F3-F62B-FC22B1EA2AFA,1599300340372,88060,-23
pJlnxbO5N2g,0B32702C-02FD-CD1F-0003-F0F76F5B1581-2,C4731719-5D70-7ECE-3805-EA61A3952D4F,53265064-D019-BB13-7B5E-458048AAA683,1599300338556,143408,38
pJlnxbO5N2g,0B32702C-02FD-CD1F-0003-F0F76F5B1581-2,90EA810E-BE97-2B23-B16C-111ECBCE338B,2E8A623B-BF60-84F3-F62B-FC22B1EA2AFA,1599300341388,89075,-40
pJlnxbO5N2g,0B32702C-02FD-CD1F-0003-F0F76F5B1581-2,3C592B01-AF31-7A5A-70F6-2D9CE4083034,3B408FB2-08EF-654F-D812-7DA27AA7249A,1599300340563,137611,-16
pJlnxbO5N2g,0B32702C-02FD-CD1F-0003-F0F76F5B1581-2,64537568-A2D2-A06D-D77B-406447F883C9,A95723A6-BA11-FA98-D586-8E0265340C13,1599300340923,177430,0
pJlnxbO5N2g,0B32702C-02FD-CD1F-0003-F0F76F5B1581-2,3C592B01-AF31-7A5A-70F6-2D9CE4083034,3B408FB2-08EF-654F-D812-7DA27AA7249A,1599300341596,138644,-33
pJlnxbO5N2g,0B32702C-02FD-CD1F-0003-F0F76F5B1581-2,3C592B01-AF31-7A5A-70F6-2D9CE4083034,3B408FB2-08EF-654F-D812-7DA27AA7249A,1599300342630,139675,-40
pJlnxbO5N2g,0B32702C-02FD-CD1F-0003-F0F76F5B1581-2,C4731719-5D70-7ECE-3805-EA61A3952D4F,53265064-D019-BB13-7B5E-458048AAA683,1599300344772,149623,34
pJlnxbO5N2g,0B32702C-02FD-CD1F-0003-F0F76F5B1581-2,955C1EAE-3708-1ECF-88F3-22D086B41D86,34F1A7D0-2F60-BF10-DD0A-CD1CB752F7A3,1599296376354,177425,0
pJlnxbO5N2g,0B32702C-02FD-CD1F-0003-F0F76F5B1581-2,3C592B01-AF31-7A5A-70F6-2D9CE4083034,3B408FB2-08EF-654F-D812-7DA27AA7249A,1599300348462,145510,-31
pJlnxbO5N2g,0B32702C-02FD-CD1F-0003-F0F76F5B1581-2,3C592B01-AF31-7A5A-70F6-2D9CE4083034,3B408FB2-08EF-654F-D812-7DA27AA7249A,1599300349564,146615,6
pJlnxbO5N2g,0B32702C-02FD-CD1F-0003-F0F76F5B1581-2,10F806DE-9947-C5D2-57B0-3BE4B8315345,75CD2202-5124-A975-F85C-B94405D6CCB3,1599300349857,84816,4
pJlnxbO5N2g,0B32702C-02FD-CD1F-0003-F0F76F5B1581-2,3C592B01-AF31-7A5A-70F6-2D9CE4083034,3B408FB2-08EF-654F-D812-7DA27AA7249A,1599300350596,147646,36
pJlnxbO5N2g,0B32702C-02FD-CD1F-0003-F0F76F5B1581-2,10F806DE-9947-C5D2-57B0-3BE4B8315345,75CD2202-5124-A975-F85C-B94405D6CCB3,1599300350889,85847,11
pJlnxbO5N2g,0B32702C-02FD-CD1F-0003-F0F76F5B1581-2,3C592B01-AF31-7A5A-70F6-2D9CE4083034,3B408FB2-08EF-654F-D812-7DA27AA7249A,1599300351630,148679,30
pJlnxbO5N2g,0B32702C-02FD-CD1F-0003-F0F76F5B1581-2,3C592B01-AF31-7A5A-70F6-2D9CE4083034,3B408FB2-08EF-654F-D812-7DA27AA7249A,1599300356363,153411,23
pJlnxbO5N2g,0B32702C-02FD-CD1F-0003-F0F76F5B1581-2,3C592B01-AF31-7A5A-70F6-2D9CE4083034,3B408FB2-08EF-654F-D812-7DA27AA7249A,1599300357395,154443,10
pJlnxbO5N2g,0B32702C-02FD-CD1F-0003-F0F76F5B1581-2,3C592B01-AF31-7A5A-70F6-2D9CE4083034,3B408FB2-08EF-654F-D812-7DA27AA7249A,1599300358428,155475,19
pJlnxbO5N2g,0B32702C-02FD-CD1F-0003-F0F76F5B1581-2,3C592B01-AF31-7A5A-70F6-2D9CE4083034,3B408FB2-08EF-654F-D812-7DA27AA7249A,1599300359429,156476,18
pJlnxbO5N2g,0B32702C-02FD-CD1F-0003-F0F76F5B1581-2,3C592B01-AF31-7A5A-70F6-2D9CE4083034,3B408FB2-08EF-654F-D812-7DA27AA7249A,1599300361063,158111,13
pJlnxbO5N2g,0B32702C-02FD-CD1F-0003-F0F76F5B1581-2,3C592B01-AF31-7A5A-70F6-2D9CE4083034,3B408FB2-08EF-654F-D812-7DA27AA7249A,1599300362129,159177,19
pJlnxbO5N2g,0B32702C-02FD-CD1F-0003-F0F76F5B1581-2,3C592B01-AF31-7A5A-70F6-2D9CE4083034,3B408FB2-08EF-654F-D812-7DA27AA7249A,1599300363196,160244,26
pJlnxbO5N2g,0B32702C-02FD-CD1F-0003-F0F76F5B1581-2,3C592B01-AF31-7A5A-70F6-2D9CE4083034,3B408FB2-08EF-654F-D812-7DA27AA7249A,1599300364229,161277,25
pJlnxbO5N2g,0B32702C-02FD-CD1F-0003-F0F76F5B1581-2,3C592B01-AF31-7A5A-70F6-2D9CE4083034,3B408FB2-08EF-654F-D812-7DA27AA7249A,1599300365262,162310,26
pJlnxbO5N2g,0B32702C-02FD-CD1F-0003-F0F76F5B1581-2,C4731719-5D70-7ECE-3805-EA61A3952D4F,53265064-D019-BB13-7B5E-458048AAA683,1599300365271,170123,28
pJlnxbO5N2g,0B32702C-02FD-CD1F-0003-F0F76F5B1581-2,C4731719-5D70-7ECE-3805-EA61A3952D4F,53265064-D019-BB13-7B5E-458048AAA683,1599300366272,171124,14
pJlnxbO5N2g,0B32702C-02FD-CD1F-0003-F0F76F5B1581-2,3C592B01-AF31-7A5A-70F6-2D9CE4083034,3B408FB2-08EF-654F-D812-7DA27AA7249A,1599300366362,163409,13
pJlnxbO5N2g,0B32702C-02FD-CD1F-0003-F0F76F5B1581-2,C4731719-5D70-7ECE-3805-EA61A3952D4F,53265064-D019-BB13-7B5E-458048AAA683,1599300367288,172140,8
pJlnxbO5N2g,0B32702C-02FD-CD1F-0003-F0F76F5B1581-2,3C592B01-AF31-7A5A-70F6-2D9CE4083034,3B408FB2-08EF-654F-D812-7DA27AA7249A,1599300367463,164512,-7
pJlnxbO5N2g,0B32702C-02FD-CD1F-0003-F0F76F5B1581-2,3C592B01-AF31-7A5A-70F6-2D9CE4083034,3B408FB2-08EF-654F-D812-7DA27AA7249A,1599300368495,165544,-27
pJlnxbO5N2g,0B32702C-02FD-CD1F-0003-F0F76F5B1581-2,3C592B01-AF31-7A5A-70F6-2D9CE4083034,3B408FB2-08EF-654F-D812-7DA27AA7249A,1599300369596,166643,-24
pJlnxbO5N2g,0B32702C-02FD-CD1F-0003-F0F76F5B1581-2,3C592B01-AF31-7A5A-70F6-2D9CE4083034,3B408FB2-08EF-654F-D812-7DA27AA7249A,1599300370626,167676,-18
pJlnxbO5N2g,0B32702C-02FD-CD1F-0003-F0F76F5B1581-2,3C592B01-AF31-7A5A-70F6-2D9CE4083034,3B408FB2-08EF-654F-D812-7DA27AA7249A,1599300371661,168711,-36
pJlnxbO5N2g,0B32702C-02FD-CD1F-0003-F0F76F5B1581-2,3C592B01-AF31-7A5A-70F6-2D9CE4083034,3B408FB2-08EF-654F-D812-7DA27AA7249A,1599300372693,169743,-20
pJlnxbO5N2g,0B32702C-02FD-CD1F-0003-F0F76F5B1581-2,3C592B01-AF31-7A5A-70F6-2D9CE4083034,3B408FB2-08EF-654F-D812-7DA27AA7249A,1599300373727,170777,-29
pJlnxbO5N2g,0B32702C-02FD-CD1F-0003-F0F76F5B1581-2,3C592B01-AF31-7A5A-70F6-2D9CE4083034,3B408FB2-08EF-654F-D812-7DA27AA7249A,1599300374794,171844,-23
pJlnxbO5N2g,0B32702C-02FD-CD1F-0003-F0F76F5B1581-2,C4731719-5D70-7ECE-3805-EA61A3952D4F,53265064-D019-BB13-7B5E-458048AAA683,1599300375686,177534,0
pJlnxbO5N2g,0B32702C-02FD-CD1F-0003-F0F76F5B1581-2,3C592B01-AF31-7A5A-70F6-2D9CE4083034,3B408FB2-08EF-654F-D812-7DA27AA7249A,1599300375893,172943,-9
pJlnxbO5N2g,0B32702C-02FD-CD1F-0003-F0F76F5B1581-2,3C592B01-AF31-7A5A-70F6-2D9CE4083034,3B408FB2-08EF-654F-D812-7DA27AA7249A,1599300377294,174341,-17
pJlnxbO5N2g,0B32702C-02FD-CD1F-0003-F0F76F5B1581-2,3C592B01-AF31-7A5A-70F6-2D9CE4083034,3B408FB2-08EF-654F-D812-7DA27AA7249A,1599300378293,175343,-29
pJlnxbO5N2g,0B32702C-02FD-CD1F-0003-F0F76F5B1581-2,3C592B01-AF31-7A5A-70F6-2D9CE4083034,3B408FB2-08EF-654F-D812-7DA27AA7249A,1599300379861,176911,-21
pJlnxbO5N2g,0B32702C-02FD-CD1F-0003-F0F76F5B1581-2,3C592B01-AF31-7A5A-70F6-2D9CE4083034,3B408FB2-08EF-654F-D812-7DA27AA7249A,1599300380647,177410,0
pJlnxbO5N2g,0B32702C-02FD-CD1F-0003-F0F76F5B1581-2,90EA810E-BE97-2B23-B16C-111ECBCE338B,2E8A623B-BF60-84F3-F62B-FC22B1EA2AFA,1599300390572,138263,-31
pJlnxbO5N2g,0B32702C-02FD-CD1F-0003-F0F76F5B1581-2,90EA810E-BE97-2B23-B16C-111ECBCE338B,2E8A623B-BF60-84F3-F62B-FC22B1EA2AFA,1599300391582,139272,-23
pJlnxbO5N2g,0B32702C-02FD-CD1F-0003-F0F76F5B1581-2,90EA810E-BE97-2B23-B16C-111ECBCE338B,2E8A623B-BF60-84F3-F62B-FC22B1EA2AFA,1599300396228,143910,-19
pJlnxbO5N2g,0B32702C-02FD-CD1F-0003-F0F76F5B1581-2,90EA810E-BE97-2B23-B16C-111ECBCE338B,2E8A623B-BF60-84F3-F62B-FC22B1EA2AFA,1599300401428,149115,-26
pJlnxbO5N2g,0B32702C-02FD-CD1F-0003-F0F76F5B1581-2,10F806DE-9947-C5D2-57B0-3BE4B8315345,75CD2202-5124-A975-F85C-B94405D6CCB3,1599300402632,137581,20
pJlnxbO5N2g,0B32702C-02FD-CD1F-0003-F0F76F5B1581-2,10F806DE-9947-C5D2-57B0-3BE4B8315345,75CD2202-5124-A975-F85C-B94405D6CCB3,1599300403999,138948,28
pJlnxbO5N2g,0B32702C-02FD-CD1F-0003-F0F76F5B1581-2,90EA810E-BE97-2B23-B16C-111ECBCE338B,2E8A623B-BF60-84F3-F62B-FC22B1EA2AFA,1599300409523,157214,-22
pJlnxbO5N2g,0B32702C-02FD-CD1F-0003-F0F76F5B1581-2,90EA810E-BE97-2B23-B16C-111ECBCE338B,2E8A623B-BF60-84F3-F62B-FC22B1EA2AFA,1599300410533,158220,-18
pJlnxbO5N2g,0B32702C-02FD-CD1F-0003-F0F76F5B1581-2,10F806DE-9947-C5D2-57B0-3BE4B8315345,75CD2202-5124-A975-F85C-B94405D6CCB3,1599300409766,144717,35
pJlnxbO5N2g,0B32702C-02FD-CD1F-0003-F0F76F5B1581-2,90EA810E-BE97-2B23-B16C-111ECBCE338B,2E8A623B-BF60-84F3-F62B-FC22B1EA2AFA,1599300420431,168066,-12
pJlnxbO5N2g,0B32702C-02FD-CD1F-0003-F0F76F5B1581-2,90EA810E-BE97-2B23-B16C-111ECBCE338B,2E8A623B-BF60-84F3-F62B-FC22B1EA2AFA,1599300425651,173338,-9
pJlnxbO5N2g,0B32702C-02FD-CD1F-0003-F0F76F5B1581-2,90EA810E-BE97-2B23-B16C-111ECBCE338B,2E8A623B-BF60-84F3-F62B-FC22B1EA2AFA,1599300426799,174489,-5
pJlnxbO5N2g,0B32702C-02FD-CD1F-0003-F0F76F5B1581-2,90EA810E-BE97-2B23-B16C-111ECBCE338B,2E8A623B-BF60-84F3-F62B-FC22B1EA2AFA,1599300427812,175498,8
pJlnxbO5N2g,0B32702C-02FD-CD1F-0003-F0F76F5B1581-2,90EA810E-BE97-2B23-B16C-111ECBCE338B,2E8A623B-BF60-84F3-F62B-FC22B1EA2AFA,1599300429596,177286,12
pJlnxbO5N2g,0B32702C-02FD-CD1F-0003-F0F76F5B1581-2,90EA810E-BE97-2B23-B16C-111ECBCE338B,2E8A623B-BF60-84F3-F62B-FC22B1EA2AFA,1599300430453,177517,0
pJlnxbO5N2g,0B32702C-02FD-CD1F-0003-F0F76F5B1581-2,10F806DE-9947-C5D2-57B0-3BE4B8315345,75CD2202-5124-A975-F85C-B94405D6CCB3,1599300441202,176151,41
pJlnxbO5N2g,0B32702C-02FD-CD1F-0003-F0F76F5B1581-2,10F806DE-9947-C5D2-57B0-3BE4B8315345,75CD2202-5124-A975-F85C-B94405D6CCB3,1599300445510,177440,0
